seed,variant,sensitive_attribute,group_a,group_b,n_group_a,n_group_b,group_a_favorable_prediction_rate,group_b_favorable_prediction_rate,group_a_favorable_tpr,group_b_favorable_tpr,spd_a_minus_b,eod_a_minus_b,di_a_over_b,di_b_over_a,abs_spd,abs_eod
42,training_only_oversampled,Gender,F,M,11,28,0.36363636363636365,0.5714285714285714,1.0,1.0,-0.20779220779220775,0.0,0.6363636363636365,1.5714285714285714,0.20779220779220775,0.0
42,training_only_oversampled,Nationality,NS,S,25,14,0.52,0.5,1.0,1.0,0.020000000000000018,0.0,1.04,0.9615384615384615,0.020000000000000018,0.0
42,unbalanced_training,Gender,F,M,11,28,0.36363636363636365,0.5714285714285714,1.0,1.0,-0.20779220779220775,0.0,0.6363636363636365,1.5714285714285714,0.20779220779220775,0.0
42,unbalanced_training,Nationality,NS,S,25,14,0.52,0.5,1.0,1.0,0.020000000000000018,0.0,1.04,0.9615384615384615,0.020000000000000018,0.0
47,training_only_oversampled,Gender,F,M,9,30,0.8888888888888888,0.36666666666666664,1.0,0.9166666666666666,0.5222222222222221,0.08333333333333337,2.4242424242424243,0.4125,0.5222222222222221,0.08333333333333337
47,training_only_oversampled,Nationality,NS,S,20,19,0.4,0.5789473684210527,1.0,0.9166666666666666,-0.17894736842105263,0.08333333333333337,0.6909090909090909,1.4473684210526316,0.17894736842105263,0.08333333333333337
47,unbalanced_training,Gender,F,M,9,30,0.8888888888888888,0.36666666666666664,1.0,0.9166666666666666,0.5222222222222221,0.08333333333333337,2.4242424242424243,0.4125,0.5222222222222221,0.08333333333333337
47,unbalanced_training,Nationality,NS,S,20,19,0.4,0.5789473684210527,1.0,0.9166666666666666,-0.17894736842105263,0.08333333333333337,0.6909090909090909,1.4473684210526316,0.17894736842105263,0.08333333333333337
53,training_only_oversampled,Gender,F,M,11,28,0.36363636363636365,0.6071428571428571,1.0,1.0,-0.24350649350649345,0.0,0.5989304812834225,1.669642857142857,0.24350649350649345,0.0
53,training_only_oversampled,Nationality,NS,S,17,22,0.6470588235294118,0.45454545454545453,1.0,1.0,0.19251336898395727,0.0,1.423529411764706,0.7024793388429752,0.19251336898395727,0.0
53,unbalanced_training,Gender,F,M,11,28,0.36363636363636365,0.6428571428571429,1.0,1.0,-0.27922077922077926,0.0,0.5656565656565656,1.767857142857143,0.27922077922077926,0.0
53,unbalanced_training,Nationality,NS,S,17,22,0.6470588235294118,0.5,1.0,1.0,0.1470588235294118,0.0,1.2941176470588236,0.7727272727272727,0.1470588235294118,0.0
59,training_only_oversampled,Gender,F,M,15,24,0.2,0.625,1.0,0.8823529411764706,-0.425,0.11764705882352944,0.32,3.125,0.425,0.11764705882352944
59,training_only_oversampled,Nationality,NS,S,11,28,0.5454545454545454,0.42857142857142855,1.0,0.8571428571428571,0.11688311688311687,0.1428571428571429,1.2727272727272727,0.7857142857142857,0.11688311688311687,0.1428571428571429
59,unbalanced_training,Gender,F,M,15,24,0.2,0.625,1.0,0.8823529411764706,-0.425,0.11764705882352944,0.32,3.125,0.425,0.11764705882352944
59,unbalanced_training,Nationality,NS,S,11,28,0.5454545454545454,0.42857142857142855,1.0,0.8571428571428571,0.11688311688311687,0.1428571428571429,1.2727272727272727,0.7857142857142857,0.11688311688311687,0.1428571428571429
71,training_only_oversampled,Gender,F,M,12,27,0.5,0.48148148148148145,1.0,0.9285714285714286,0.018518518518518545,0.0714285714285714,1.0384615384615385,0.9629629629629629,0.018518518518518545,0.0714285714285714
71,training_only_oversampled,Nationality,NS,S,19,20,0.47368421052631576,0.5,1.0,0.9090909090909091,-0.026315789473684237,0.09090909090909094,0.9473684210526315,1.0555555555555556,0.026315789473684237,0.09090909090909094
71,unbalanced_training,Gender,F,M,12,27,0.5,0.48148148148148145,1.0,0.9285714285714286,0.018518518518518545,0.0714285714285714,1.0384615384615385,0.9629629629629629,0.018518518518518545,0.0714285714285714
71,unbalanced_training,Nationality,NS,S,19,20,0.47368421052631576,0.5,1.0,0.9090909090909091,-0.026315789473684237,0.09090909090909094,0.9473684210526315,1.0555555555555556,0.026315789473684237,0.09090909090909094
83,training_only_oversampled,Gender,F,M,6,33,0.5,0.5151515151515151,1.0,1.0,-0.015151515151515138,0.0,0.9705882352941176,1.0303030303030303,0.015151515151515138,0.0
83,training_only_oversampled,Nationality,NS,S,17,22,0.47058823529411764,0.5454545454545454,1.0,1.0,-0.07486631016042777,0.0,0.8627450980392157,1.159090909090909,0.07486631016042777,0.0
83,unbalanced_training,Gender,F,M,6,33,0.5,0.5151515151515151,1.0,1.0,-0.015151515151515138,0.0,0.9705882352941176,1.0303030303030303,0.015151515151515138,0.0
83,unbalanced_training,Nationality,NS,S,17,22,0.47058823529411764,0.5454545454545454,1.0,1.0,-0.07486631016042777,0.0,0.8627450980392157,1.159090909090909,0.07486631016042777,0.0
97,training_only_oversampled,Gender,F,M,11,28,0.45454545454545453,0.6071428571428571,1.0,1.0,-0.15259740259740256,0.0,0.7486631016042781,1.3357142857142856,0.15259740259740256,0.0
97,training_only_oversampled,Nationality,NS,S,20,19,0.6,0.5263157894736842,1.0,1.0,0.0736842105263158,0.0,1.1400000000000001,0.8771929824561403,0.0736842105263158,0.0
97,unbalanced_training,Gender,F,M,11,28,0.36363636363636365,0.5714285714285714,1.0,1.0,-0.20779220779220775,0.0,0.6363636363636365,1.5714285714285714,0.20779220779220775,0.0
97,unbalanced_training,Nationality,NS,S,20,19,0.55,0.47368421052631576,1.0,1.0,0.07631578947368428,0.0,1.1611111111111112,0.8612440191387558,0.07631578947368428,0.0
101,training_only_oversampled,Gender,F,M,12,27,0.5,0.5185185185185185,1.0,1.0,-0.01851851851851849,0.0,0.9642857142857143,1.037037037037037,0.01851851851851849,0.0
101,training_only_oversampled,Nationality,NS,S,24,15,0.5416666666666666,0.4666666666666667,1.0,1.0,0.07499999999999996,0.0,1.1607142857142856,0.8615384615384616,0.07499999999999996,0.0
101,unbalanced_training,Gender,F,M,12,27,0.5,0.5185185185185185,1.0,1.0,-0.01851851851851849,0.0,0.9642857142857143,1.037037037037037,0.01851851851851849,0.0
101,unbalanced_training,Nationality,NS,S,24,15,0.5416666666666666,0.4666666666666667,1.0,1.0,0.07499999999999996,0.0,1.1607142857142856,0.8615384615384616,0.07499999999999996,0.0
113,training_only_oversampled,Gender,F,M,11,28,0.36363636363636365,0.5714285714285714,1.0,1.0,-0.20779220779220775,0.0,0.6363636363636365,1.5714285714285714,0.20779220779220775,0.0
113,training_only_oversampled,Nationality,NS,S,20,19,0.6,0.42105263157894735,1.0,1.0,0.17894736842105263,0.0,1.425,0.7017543859649122,0.17894736842105263,0.0
113,unbalanced_training,Gender,F,M,11,28,0.36363636363636365,0.5714285714285714,1.0,1.0,-0.20779220779220775,0.0,0.6363636363636365,1.5714285714285714,0.20779220779220775,0.0
113,unbalanced_training,Nationality,NS,S,20,19,0.6,0.42105263157894735,1.0,1.0,0.17894736842105263,0.0,1.425,0.7017543859649122,0.17894736842105263,0.0
127,training_only_oversampled,Gender,F,M,12,27,0.4166666666666667,0.6296296296296297,1.0,1.0,-0.21296296296296297,0.0,0.6617647058823529,1.511111111111111,0.21296296296296297,0.0
127,training_only_oversampled,Nationality,NS,S,15,24,0.6,0.5416666666666666,1.0,1.0,0.05833333333333335,0.0,1.1076923076923078,0.9027777777777778,0.05833333333333335,0.0
127,unbalanced_training,Gender,F,M,12,27,0.3333333333333333,0.6296296296296297,1.0,1.0,-0.29629629629629634,0.0,0.5294117647058824,1.888888888888889,0.29629629629629634,0.0
127,unbalanced_training,Nationality,NS,S,15,24,0.6,0.5,1.0,1.0,0.09999999999999998,0.0,1.2,0.8333333333333334,0.09999999999999998,0.0
