sensitive_attribute,comparison_identifiers,metric,seed,unbalanced_value,oversampled_value,difference_oversampled_minus_unbalanced
Gender,"{""referencegroup"": ""M"", ""comparisongroup"": ""F"", ""favorablelabel"": ""0""}",di,42,0.6363636363636365,0.6363636363636365,0.0
Gender,"{""referencegroup"": ""M"", ""comparisongroup"": ""F"", ""favorablelabel"": ""0""}",di,47,2.4242424242424243,2.4242424242424243,0.0
Gender,"{""referencegroup"": ""M"", ""comparisongroup"": ""F"", ""favorablelabel"": ""0""}",di,53,0.5656565656565656,0.5989304812834225,0.03327391562685689
Gender,"{""referencegroup"": ""M"", ""comparisongroup"": ""F"", ""favorablelabel"": ""0""}",di,59,0.32,0.32,0.0
Gender,"{""referencegroup"": ""M"", ""comparisongroup"": ""F"", ""favorablelabel"": ""0""}",di,71,1.0384615384615383,1.0384615384615383,0.0
Gender,"{""referencegroup"": ""M"", ""comparisongroup"": ""F"", ""favorablelabel"": ""0""}",di,83,0.9705882352941176,0.9705882352941176,0.0
Gender,"{""referencegroup"": ""M"", ""comparisongroup"": ""F"", ""favorablelabel"": ""0""}",di,97,0.6363636363636365,0.7486631016042781,0.1122994652406416
Gender,"{""referencegroup"": ""M"", ""comparisongroup"": ""F"", ""favorablelabel"": ""0""}",di,101,0.9642857142857144,0.9642857142857144,0.0
Gender,"{""referencegroup"": ""M"", ""comparisongroup"": ""F"", ""favorablelabel"": ""0""}",di,113,0.6363636363636365,0.6363636363636365,0.0
Gender,"{""referencegroup"": ""M"", ""comparisongroup"": ""F"", ""favorablelabel"": ""0""}",di,127,0.5294117647058824,0.6617647058823529,0.13235294117647056
Gender,"{""referencegroup"": ""M"", ""comparisongroup"": ""F"", ""favorablelabel"": ""0""}",eod,42,0.0,0.0,0.0
Gender,"{""referencegroup"": ""M"", ""comparisongroup"": ""F"", ""favorablelabel"": ""0""}",eod,47,0.0833333333333333,0.0833333333333333,0.0
Gender,"{""referencegroup"": ""M"", ""comparisongroup"": ""F"", ""favorablelabel"": ""0""}",eod,53,0.0,0.0,0.0
Gender,"{""referencegroup"": ""M"", ""comparisongroup"": ""F"", ""favorablelabel"": ""0""}",eod,59,0.1176470588235294,0.1176470588235294,0.0
Gender,"{""referencegroup"": ""M"", ""comparisongroup"": ""F"", ""favorablelabel"": ""0""}",eod,71,0.0714285714285714,0.0714285714285714,0.0
Gender,"{""referencegroup"": ""M"", ""comparisongroup"": ""F"", ""favorablelabel"": ""0""}",eod,83,0.0,0.0,0.0
Gender,"{""referencegroup"": ""M"", ""comparisongroup"": ""F"", ""favorablelabel"": ""0""}",eod,97,0.0,0.0,0.0
Gender,"{""referencegroup"": ""M"", ""comparisongroup"": ""F"", ""favorablelabel"": ""0""}",eod,101,0.0,0.0,0.0
Gender,"{""referencegroup"": ""M"", ""comparisongroup"": ""F"", ""favorablelabel"": ""0""}",eod,113,0.0,0.0,0.0
Gender,"{""referencegroup"": ""M"", ""comparisongroup"": ""F"", ""favorablelabel"": ""0""}",eod,127,0.0,0.0,0.0
Gender,"{""referencegroup"": ""M"", ""comparisongroup"": ""F"", ""favorablelabel"": ""0""}",spd,42,-0.2077922077922077,-0.2077922077922077,0.0
Gender,"{""referencegroup"": ""M"", ""comparisongroup"": ""F"", ""favorablelabel"": ""0""}",spd,47,0.5222222222222221,0.5222222222222221,0.0
Gender,"{""referencegroup"": ""M"", ""comparisongroup"": ""F"", ""favorablelabel"": ""0""}",spd,53,-0.2792207792207792,-0.2435064935064934,0.03571428571428581
Gender,"{""referencegroup"": ""M"", ""comparisongroup"": ""F"", ""favorablelabel"": ""0""}",spd,59,-0.425,-0.425,0.0
Gender,"{""referencegroup"": ""M"", ""comparisongroup"": ""F"", ""favorablelabel"": ""0""}",spd,71,0.0185185185185185,0.0185185185185185,0.0
Gender,"{""referencegroup"": ""M"", ""comparisongroup"": ""F"", ""favorablelabel"": ""0""}",spd,83,-0.0151515151515151,-0.0151515151515151,0.0
Gender,"{""referencegroup"": ""M"", ""comparisongroup"": ""F"", ""favorablelabel"": ""0""}",spd,97,-0.2077922077922077,-0.1525974025974025,0.055194805194805185
Gender,"{""referencegroup"": ""M"", ""comparisongroup"": ""F"", ""favorablelabel"": ""0""}",spd,101,-0.0185185185185184,-0.0185185185185184,0.0
Gender,"{""referencegroup"": ""M"", ""comparisongroup"": ""F"", ""favorablelabel"": ""0""}",spd,113,-0.2077922077922077,-0.2077922077922077,0.0
Gender,"{""referencegroup"": ""M"", ""comparisongroup"": ""F"", ""favorablelabel"": ""0""}",spd,127,-0.2962962962962963,-0.2129629629629629,0.08333333333333337
Nationality,"{""referencegroup"": ""S"", ""comparisongroup"": ""NS"", ""favorablelabel"": ""0""}",di,42,1.04,1.04,0.0
Nationality,"{""referencegroup"": ""S"", ""comparisongroup"": ""NS"", ""favorablelabel"": ""0""}",di,47,0.6909090909090909,0.6909090909090909,0.0
Nationality,"{""referencegroup"": ""S"", ""comparisongroup"": ""NS"", ""favorablelabel"": ""0""}",di,53,1.2941176470588236,1.423529411764706,0.12941176470588234
Nationality,"{""referencegroup"": ""S"", ""comparisongroup"": ""NS"", ""favorablelabel"": ""0""}",di,59,1.2727272727272727,1.2727272727272727,0.0
Nationality,"{""referencegroup"": ""S"", ""comparisongroup"": ""NS"", ""favorablelabel"": ""0""}",di,71,0.9473684210526316,0.9473684210526316,0.0
Nationality,"{""referencegroup"": ""S"", ""comparisongroup"": ""NS"", ""favorablelabel"": ""0""}",di,83,0.8627450980392157,0.8627450980392157,0.0
Nationality,"{""referencegroup"": ""S"", ""comparisongroup"": ""NS"", ""favorablelabel"": ""0""}",di,97,1.1611111111111112,1.14,-0.021111111111111303
Nationality,"{""referencegroup"": ""S"", ""comparisongroup"": ""NS"", ""favorablelabel"": ""0""}",di,101,1.1607142857142856,1.1607142857142856,0.0
Nationality,"{""referencegroup"": ""S"", ""comparisongroup"": ""NS"", ""favorablelabel"": ""0""}",di,113,1.425,1.425,0.0
Nationality,"{""referencegroup"": ""S"", ""comparisongroup"": ""NS"", ""favorablelabel"": ""0""}",di,127,1.2,1.1076923076923078,-0.0923076923076922
Nationality,"{""referencegroup"": ""S"", ""comparisongroup"": ""NS"", ""favorablelabel"": ""0""}",eod,42,0.0,0.0,0.0
Nationality,"{""referencegroup"": ""S"", ""comparisongroup"": ""NS"", ""favorablelabel"": ""0""}",eod,47,0.0833333333333333,0.0833333333333333,0.0
Nationality,"{""referencegroup"": ""S"", ""comparisongroup"": ""NS"", ""favorablelabel"": ""0""}",eod,53,0.0,0.0,0.0
Nationality,"{""referencegroup"": ""S"", ""comparisongroup"": ""NS"", ""favorablelabel"": ""0""}",eod,59,0.1428571428571429,0.1428571428571429,0.0
Nationality,"{""referencegroup"": ""S"", ""comparisongroup"": ""NS"", ""favorablelabel"": ""0""}",eod,71,0.0909090909090909,0.0909090909090909,0.0
Nationality,"{""referencegroup"": ""S"", ""comparisongroup"": ""NS"", ""favorablelabel"": ""0""}",eod,83,0.0,0.0,0.0
Nationality,"{""referencegroup"": ""S"", ""comparisongroup"": ""NS"", ""favorablelabel"": ""0""}",eod,97,0.0,0.0,0.0
Nationality,"{""referencegroup"": ""S"", ""comparisongroup"": ""NS"", ""favorablelabel"": ""0""}",eod,101,0.0,0.0,0.0
Nationality,"{""referencegroup"": ""S"", ""comparisongroup"": ""NS"", ""favorablelabel"": ""0""}",eod,113,0.0,0.0,0.0
Nationality,"{""referencegroup"": ""S"", ""comparisongroup"": ""NS"", ""favorablelabel"": ""0""}",eod,127,0.0,0.0,0.0
Nationality,"{""referencegroup"": ""S"", ""comparisongroup"": ""NS"", ""favorablelabel"": ""0""}",spd,42,0.02,0.02,0.0
Nationality,"{""referencegroup"": ""S"", ""comparisongroup"": ""NS"", ""favorablelabel"": ""0""}",spd,47,-0.1789473684210526,-0.1789473684210526,0.0
Nationality,"{""referencegroup"": ""S"", ""comparisongroup"": ""NS"", ""favorablelabel"": ""0""}",spd,53,0.1470588235294118,0.1925133689839572,0.045454545454545414
Nationality,"{""referencegroup"": ""S"", ""comparisongroup"": ""NS"", ""favorablelabel"": ""0""}",spd,59,0.1168831168831168,0.1168831168831168,0.0
Nationality,"{""referencegroup"": ""S"", ""comparisongroup"": ""NS"", ""favorablelabel"": ""0""}",spd,71,-0.0263157894736842,-0.0263157894736842,0.0
Nationality,"{""referencegroup"": ""S"", ""comparisongroup"": ""NS"", ""favorablelabel"": ""0""}",spd,83,-0.0748663101604277,-0.0748663101604277,0.0
Nationality,"{""referencegroup"": ""S"", ""comparisongroup"": ""NS"", ""favorablelabel"": ""0""}",spd,97,0.0763157894736842,0.0736842105263158,-0.0026315789473684015
Nationality,"{""referencegroup"": ""S"", ""comparisongroup"": ""NS"", ""favorablelabel"": ""0""}",spd,101,0.0749999999999999,0.0749999999999999,0.0
Nationality,"{""referencegroup"": ""S"", ""comparisongroup"": ""NS"", ""favorablelabel"": ""0""}",spd,113,0.1789473684210526,0.1789473684210526,0.0
Nationality,"{""referencegroup"": ""S"", ""comparisongroup"": ""NS"", ""favorablelabel"": ""0""}",spd,127,0.0999999999999999,0.0583333333333333,-0.041666666666666595
