file,absolute_path,readable,rows,columns,seed_column,condition_column,sensitive_attribute_column,fairness_metric_columns,eligible,selection_score,selected,reason
outputs\revision_fairness\recomputed_fairness\fairness_bounds_audit.csv,D:\47\472\New-Papers\Array\Paper4-Under-Processing\HFAGM_Project\outputs\revision_fairness\recomputed_fairness\fairness_bounds_audit.csv,1,280,11,seed,variant,sensitive_attribute,{},0,20,0,Does not contain seed + condition + sensitive attribute + fairness metric schema.
outputs\revision_fairness\recomputed_fairness\fairness_interpretation_audit.csv,D:\47\472\New-Papers\Array\Paper4-Under-Processing\HFAGM_Project\outputs\revision_fairness\recomputed_fairness\fairness_interpretation_audit.csv,1,4,16,,variant,sensitive_attribute,{},0,20,0,Does not contain seed + condition + sensitive attribute + fairness metric schema.
outputs\revision_fairness\recomputed_fairness\fairness_per_seed_pairwise.csv,D:\47\472\New-Papers\Array\Paper4-Under-Processing\HFAGM_Project\outputs\revision_fairness\recomputed_fairness\fairness_per_seed_pairwise.csv,1,40,17,seed,variant,sensitive_attribute,{},0,20,0,Does not contain seed + condition + sensitive attribute + fairness metric schema.
outputs\revision_fairness\recomputed_fairness\fairness_per_seed_reference.csv,D:\47\472\New-Papers\Array\Paper4-Under-Processing\HFAGM_Project\outputs\revision_fairness\recomputed_fairness\fairness_per_seed_reference.csv,1,40,21,seed,variant,sensitive_attribute,"{""spd"": ""spd"", ""eod"": ""eod"", ""di"": ""di""}",1,1050,1,Selected as corrected repeated fairness evidence.
outputs\revision_fairness\recomputed_fairness\fairness_provenance.csv,D:\47\472\New-Papers\Array\Paper4-Under-Processing\HFAGM_Project\outputs\revision_fairness\recomputed_fairness\fairness_provenance.csv,1,1,32,,,,{},0,20,0,Does not contain seed + condition + sensitive attribute + fairness metric schema.
outputs\revision_fairness\recomputed_fairness\fairness_summary_pairwise.csv,D:\47\472\New-Papers\Array\Paper4-Under-Processing\HFAGM_Project\outputs\revision_fairness\recomputed_fairness\fairness_summary_pairwise.csv,1,4,54,,variant,sensitive_attribute,{},0,20,0,Does not contain seed + condition + sensitive attribute + fairness metric schema.
outputs\revision_fairness\recomputed_fairness\fairness_summary_reference.csv,D:\47\472\New-Papers\Array\Paper4-Under-Processing\HFAGM_Project\outputs\revision_fairness\recomputed_fairness\fairness_summary_reference.csv,1,4,59,,variant,sensitive_attribute,{},0,20,0,Does not contain seed + condition + sensitive attribute + fairness metric schema.
outputs\revision_fairness\recomputed_fairness\prediction_input_audit.csv,D:\47\472\New-Papers\Array\Paper4-Under-Processing\HFAGM_Project\outputs\revision_fairness\recomputed_fairness\prediction_input_audit.csv,1,32,8,seed,variant,,{},0,0,0,Does not contain seed + condition + sensitive attribute + fairness metric schema.
outputs\revision_fairness\recomputed_fairness\predictions_with_sensitive_attributes.csv,D:\47\472\New-Papers\Array\Paper4-Under-Processing\HFAGM_Project\outputs\revision_fairness\recomputed_fairness\predictions_with_sensitive_attributes.csv,1,780,11,seed,variant,,{},0,0,0,Does not contain seed + condition + sensitive attribute + fairness metric schema.
outputs\revision_fairness\recomputed_fairness\sensitive_attribute_inventory.csv,D:\47\472\New-Papers\Array\Paper4-Under-Processing\HFAGM_Project\outputs\revision_fairness\recomputed_fairness\sensitive_attribute_inventory.csv,1,4,11,,,sensitive_attribute,{},0,0,0,Does not contain seed + condition + sensitive attribute + fairness metric schema.
outputs\revision_fairness\recomputed_fairness\sensitive_attribute_missingness.csv,D:\47\472\New-Papers\Array\Paper4-Under-Processing\HFAGM_Project\outputs\revision_fairness\recomputed_fairness\sensitive_attribute_missingness.csv,1,2,5,,,sensitive_attribute,{},0,0,0,Does not contain seed + condition + sensitive attribute + fairness metric schema.
outputs\revision_fairness\recomputed_fairness\subgroup_counts_per_seed.csv,D:\47\472\New-Papers\Array\Paper4-Under-Processing\HFAGM_Project\outputs\revision_fairness\recomputed_fairness\subgroup_counts_per_seed.csv,1,80,14,seed,variant,sensitive_attribute,{},0,0,0,Does not contain seed + condition + sensitive attribute + fairness metric schema.
outputs\revision_fairness\recomputed_fairness\subgroup_performance_per_seed.csv,D:\47\472\New-Papers\Array\Paper4-Under-Processing\HFAGM_Project\outputs\revision_fairness\recomputed_fairness\subgroup_performance_per_seed.csv,1,80,16,seed,variant,sensitive_attribute,{},0,0,0,Does not contain seed + condition + sensitive attribute + fairness metric schema.
