seed,variant,sensitive_attribute,reference_group,comparison_group,reference_selection_method,favorable_label,favorable_outcome,n_reference,n_comparison,reference_favorable_prediction_rate,comparison_favorable_prediction_rate,reference_favorable_tpr,comparison_favorable_tpr,spd,eod,di,abs_spd,abs_eod,di_distance_from_1,status
42,training_only_oversampled,Gender,M,F,AUTO_LARGEST_GROUP_NOT_NORMATIVE,0,recovered/survived,28,11,0.5714285714285714,0.3636363636363636,1.0,1.0,-0.2077922077922077,0.0,0.6363636363636365,0.2077922077922077,0.0,0.3636363636363635,COMPUTED
42,training_only_oversampled,Nationality,S,NS,AUTO_LARGEST_GROUP_NOT_NORMATIVE,0,recovered/survived,14,25,0.5,0.52,1.0,1.0,0.02,0.0,1.04,0.02,0.0,0.04,COMPUTED
42,unbalanced_training,Gender,M,F,AUTO_LARGEST_GROUP_NOT_NORMATIVE,0,recovered/survived,28,11,0.5714285714285714,0.3636363636363636,1.0,1.0,-0.2077922077922077,0.0,0.6363636363636365,0.2077922077922077,0.0,0.3636363636363635,COMPUTED
42,unbalanced_training,Nationality,S,NS,AUTO_LARGEST_GROUP_NOT_NORMATIVE,0,recovered/survived,14,25,0.5,0.52,1.0,1.0,0.02,0.0,1.04,0.02,0.0,0.04,COMPUTED
47,training_only_oversampled,Gender,M,F,AUTO_LARGEST_GROUP_NOT_NORMATIVE,0,recovered/survived,30,9,0.3666666666666666,0.8888888888888888,0.9166666666666666,1.0,0.5222222222222221,0.0833333333333333,2.4242424242424243,0.5222222222222221,0.0833333333333333,1.4242424242424243,COMPUTED
47,training_only_oversampled,Nationality,S,NS,AUTO_LARGEST_GROUP_NOT_NORMATIVE,0,recovered/survived,19,20,0.5789473684210527,0.4,0.9166666666666666,1.0,-0.1789473684210526,0.0833333333333333,0.6909090909090909,0.1789473684210526,0.0833333333333333,0.3090909090909091,COMPUTED
47,unbalanced_training,Gender,M,F,AUTO_LARGEST_GROUP_NOT_NORMATIVE,0,recovered/survived,30,9,0.3666666666666666,0.8888888888888888,0.9166666666666666,1.0,0.5222222222222221,0.0833333333333333,2.4242424242424243,0.5222222222222221,0.0833333333333333,1.4242424242424243,COMPUTED
47,unbalanced_training,Nationality,S,NS,AUTO_LARGEST_GROUP_NOT_NORMATIVE,0,recovered/survived,19,20,0.5789473684210527,0.4,0.9166666666666666,1.0,-0.1789473684210526,0.0833333333333333,0.6909090909090909,0.1789473684210526,0.0833333333333333,0.3090909090909091,COMPUTED
53,training_only_oversampled,Gender,M,F,AUTO_LARGEST_GROUP_NOT_NORMATIVE,0,recovered/survived,28,11,0.6071428571428571,0.3636363636363636,1.0,1.0,-0.2435064935064934,0.0,0.5989304812834225,0.2435064935064934,0.0,0.4010695187165775,COMPUTED
53,training_only_oversampled,Nationality,S,NS,AUTO_LARGEST_GROUP_NOT_NORMATIVE,0,recovered/survived,22,17,0.4545454545454545,0.6470588235294118,1.0,1.0,0.1925133689839572,0.0,1.423529411764706,0.1925133689839572,0.0,0.4235294117647059,COMPUTED
53,unbalanced_training,Gender,M,F,AUTO_LARGEST_GROUP_NOT_NORMATIVE,0,recovered/survived,28,11,0.6428571428571429,0.3636363636363636,1.0,1.0,-0.2792207792207792,0.0,0.5656565656565656,0.2792207792207792,0.0,0.4343434343434343,COMPUTED
53,unbalanced_training,Nationality,S,NS,AUTO_LARGEST_GROUP_NOT_NORMATIVE,0,recovered/survived,22,17,0.5,0.6470588235294118,1.0,1.0,0.1470588235294118,0.0,1.2941176470588236,0.1470588235294118,0.0,0.2941176470588236,COMPUTED
59,training_only_oversampled,Gender,M,F,AUTO_LARGEST_GROUP_NOT_NORMATIVE,0,recovered/survived,24,15,0.625,0.2,0.8823529411764706,1.0,-0.425,0.1176470588235294,0.32,0.425,0.1176470588235294,0.6799999999999999,COMPUTED
59,training_only_oversampled,Nationality,S,NS,AUTO_LARGEST_GROUP_NOT_NORMATIVE,0,recovered/survived,28,11,0.4285714285714285,0.5454545454545454,0.8571428571428571,1.0,0.1168831168831168,0.1428571428571429,1.2727272727272727,0.1168831168831168,0.1428571428571429,0.2727272727272727,COMPUTED
59,unbalanced_training,Gender,M,F,AUTO_LARGEST_GROUP_NOT_NORMATIVE,0,recovered/survived,24,15,0.625,0.2,0.8823529411764706,1.0,-0.425,0.1176470588235294,0.32,0.425,0.1176470588235294,0.6799999999999999,COMPUTED
59,unbalanced_training,Nationality,S,NS,AUTO_LARGEST_GROUP_NOT_NORMATIVE,0,recovered/survived,28,11,0.4285714285714285,0.5454545454545454,0.8571428571428571,1.0,0.1168831168831168,0.1428571428571429,1.2727272727272727,0.1168831168831168,0.1428571428571429,0.2727272727272727,COMPUTED
71,training_only_oversampled,Gender,M,F,AUTO_LARGEST_GROUP_NOT_NORMATIVE,0,recovered/survived,27,12,0.4814814814814814,0.5,0.9285714285714286,1.0,0.0185185185185185,0.0714285714285714,1.0384615384615383,0.0185185185185185,0.0714285714285714,0.0384615384615385,COMPUTED
71,training_only_oversampled,Nationality,S,NS,AUTO_LARGEST_GROUP_NOT_NORMATIVE,0,recovered/survived,20,19,0.5,0.4736842105263157,0.9090909090909092,1.0,-0.0263157894736842,0.0909090909090909,0.9473684210526316,0.0263157894736842,0.0909090909090909,0.0526315789473684,COMPUTED
71,unbalanced_training,Gender,M,F,AUTO_LARGEST_GROUP_NOT_NORMATIVE,0,recovered/survived,27,12,0.4814814814814814,0.5,0.9285714285714286,1.0,0.0185185185185185,0.0714285714285714,1.0384615384615383,0.0185185185185185,0.0714285714285714,0.0384615384615385,COMPUTED
71,unbalanced_training,Nationality,S,NS,AUTO_LARGEST_GROUP_NOT_NORMATIVE,0,recovered/survived,20,19,0.5,0.4736842105263157,0.9090909090909092,1.0,-0.0263157894736842,0.0909090909090909,0.9473684210526316,0.0263157894736842,0.0909090909090909,0.0526315789473684,COMPUTED
83,training_only_oversampled,Gender,M,F,AUTO_LARGEST_GROUP_NOT_NORMATIVE,0,recovered/survived,33,6,0.5151515151515151,0.5,1.0,1.0,-0.0151515151515151,0.0,0.9705882352941176,0.0151515151515151,0.0,0.0294117647058823,COMPUTED
83,training_only_oversampled,Nationality,S,NS,AUTO_LARGEST_GROUP_NOT_NORMATIVE,0,recovered/survived,22,17,0.5454545454545454,0.4705882352941176,1.0,1.0,-0.0748663101604277,0.0,0.8627450980392157,0.0748663101604277,0.0,0.1372549019607842,COMPUTED
83,unbalanced_training,Gender,M,F,AUTO_LARGEST_GROUP_NOT_NORMATIVE,0,recovered/survived,33,6,0.5151515151515151,0.5,1.0,1.0,-0.0151515151515151,0.0,0.9705882352941176,0.0151515151515151,0.0,0.0294117647058823,COMPUTED
83,unbalanced_training,Nationality,S,NS,AUTO_LARGEST_GROUP_NOT_NORMATIVE,0,recovered/survived,22,17,0.5454545454545454,0.4705882352941176,1.0,1.0,-0.0748663101604277,0.0,0.8627450980392157,0.0748663101604277,0.0,0.1372549019607842,COMPUTED
97,training_only_oversampled,Gender,M,F,AUTO_LARGEST_GROUP_NOT_NORMATIVE,0,recovered/survived,28,11,0.6071428571428571,0.4545454545454545,1.0,1.0,-0.1525974025974025,0.0,0.7486631016042781,0.1525974025974025,0.0,0.2513368983957219,COMPUTED
97,training_only_oversampled,Nationality,S,NS,AUTO_LARGEST_GROUP_NOT_NORMATIVE,0,recovered/survived,19,20,0.5263157894736842,0.6,1.0,1.0,0.0736842105263158,0.0,1.14,0.0736842105263158,0.0,0.1400000000000001,COMPUTED
97,unbalanced_training,Gender,M,F,AUTO_LARGEST_GROUP_NOT_NORMATIVE,0,recovered/survived,28,11,0.5714285714285714,0.3636363636363636,1.0,1.0,-0.2077922077922077,0.0,0.6363636363636365,0.2077922077922077,0.0,0.3636363636363635,COMPUTED
97,unbalanced_training,Nationality,S,NS,AUTO_LARGEST_GROUP_NOT_NORMATIVE,0,recovered/survived,19,20,0.4736842105263157,0.55,1.0,1.0,0.0763157894736842,0.0,1.1611111111111112,0.0763157894736842,0.0,0.1611111111111112,COMPUTED
101,training_only_oversampled,Gender,M,F,AUTO_LARGEST_GROUP_NOT_NORMATIVE,0,recovered/survived,27,12,0.5185185185185185,0.5,1.0,1.0,-0.0185185185185184,0.0,0.9642857142857144,0.0185185185185184,0.0,0.0357142857142857,COMPUTED
101,training_only_oversampled,Nationality,S,NS,AUTO_LARGEST_GROUP_NOT_NORMATIVE,0,recovered/survived,15,24,0.4666666666666667,0.5416666666666666,1.0,1.0,0.0749999999999999,0.0,1.1607142857142856,0.0749999999999999,0.0,0.1607142857142856,COMPUTED
101,unbalanced_training,Gender,M,F,AUTO_LARGEST_GROUP_NOT_NORMATIVE,0,recovered/survived,27,12,0.5185185185185185,0.5,1.0,1.0,-0.0185185185185184,0.0,0.9642857142857144,0.0185185185185184,0.0,0.0357142857142857,COMPUTED
101,unbalanced_training,Nationality,S,NS,AUTO_LARGEST_GROUP_NOT_NORMATIVE,0,recovered/survived,15,24,0.4666666666666667,0.5416666666666666,1.0,1.0,0.0749999999999999,0.0,1.1607142857142856,0.0749999999999999,0.0,0.1607142857142856,COMPUTED
113,training_only_oversampled,Gender,M,F,AUTO_LARGEST_GROUP_NOT_NORMATIVE,0,recovered/survived,28,11,0.5714285714285714,0.3636363636363636,1.0,1.0,-0.2077922077922077,0.0,0.6363636363636365,0.2077922077922077,0.0,0.3636363636363635,COMPUTED
113,training_only_oversampled,Nationality,S,NS,AUTO_LARGEST_GROUP_NOT_NORMATIVE,0,recovered/survived,19,20,0.4210526315789473,0.6,1.0,1.0,0.1789473684210526,0.0,1.425,0.1789473684210526,0.0,0.425,COMPUTED
113,unbalanced_training,Gender,M,F,AUTO_LARGEST_GROUP_NOT_NORMATIVE,0,recovered/survived,28,11,0.5714285714285714,0.3636363636363636,1.0,1.0,-0.2077922077922077,0.0,0.6363636363636365,0.2077922077922077,0.0,0.3636363636363635,COMPUTED
113,unbalanced_training,Nationality,S,NS,AUTO_LARGEST_GROUP_NOT_NORMATIVE,0,recovered/survived,19,20,0.4210526315789473,0.6,1.0,1.0,0.1789473684210526,0.0,1.425,0.1789473684210526,0.0,0.425,COMPUTED
127,training_only_oversampled,Gender,M,F,AUTO_LARGEST_GROUP_NOT_NORMATIVE,0,recovered/survived,27,12,0.6296296296296297,0.4166666666666667,1.0,1.0,-0.2129629629629629,0.0,0.6617647058823529,0.2129629629629629,0.0,0.3382352941176471,COMPUTED
127,training_only_oversampled,Nationality,S,NS,AUTO_LARGEST_GROUP_NOT_NORMATIVE,0,recovered/survived,24,15,0.5416666666666666,0.6,1.0,1.0,0.0583333333333333,0.0,1.1076923076923078,0.0583333333333333,0.0,0.1076923076923077,COMPUTED
127,unbalanced_training,Gender,M,F,AUTO_LARGEST_GROUP_NOT_NORMATIVE,0,recovered/survived,27,12,0.6296296296296297,0.3333333333333333,1.0,1.0,-0.2962962962962963,0.0,0.5294117647058824,0.2962962962962963,0.0,0.4705882352941176,COMPUTED
127,unbalanced_training,Nationality,S,NS,AUTO_LARGEST_GROUP_NOT_NORMATIVE,0,recovered/survived,24,15,0.5,0.6,1.0,1.0,0.0999999999999999,0.0,1.2,0.0999999999999999,0.0,0.1999999999999999,COMPUTED
