dataset_hint,experiment,json_key,numeric_value,raw_value,relative_path
ArSL,new_exp2,root,,E:\Mahmoud\Exams\46\462\New-papers\Paper4-Under-Processing\HFAGM_Project\data\raw\ArSL,experiments\New_EXP2\artifacts\run_config_ArSL.json
ArSL,new_exp2,yaml,,E:\Mahmoud\Exams\46\462\New-papers\Paper4-Under-Processing\HFAGM_Project\data\raw\ArSL\data.yaml,experiments\New_EXP2\artifacts\run_config_ArSL.json
ArSL,new_exp2,out_dir,,E:\Mahmoud\Exams\46\462\New-papers\Paper4-Under-Processing\HFAGM_Project\experiments\New_EXP2,experiments\New_EXP2\artifacts\run_config_ArSL.json
ArSL,new_exp2,seeds[0],42.0,42,experiments\New_EXP2\artifacts\run_config_ArSL.json
ArSL,new_exp2,seeds[1],47.0,47,experiments\New_EXP2\artifacts\run_config_ArSL.json
ArSL,new_exp2,seeds[2],53.0,53,experiments\New_EXP2\artifacts\run_config_ArSL.json
ArSL,new_exp2,img_size,224.0,224,experiments\New_EXP2\artifacts\run_config_ArSL.json
ArSL,new_exp2,batch_size,64.0,64,experiments\New_EXP2\artifacts\run_config_ArSL.json
ArSL,new_exp2,epochs_enc,30.0,30,experiments\New_EXP2\artifacts\run_config_ArSL.json
ArSL,new_exp2,lr_enc,0.001,0.001,experiments\New_EXP2\artifacts\run_config_ArSL.json
ArSL,new_exp2,tau,0.07,0.07,experiments\New_EXP2\artifacts\run_config_ArSL.json
ArSL,new_exp2,embed_dim,64.0,64,experiments\New_EXP2\artifacts\run_config_ArSL.json
ArSL,new_exp2,vae_epochs,50.0,50,experiments\New_EXP2\artifacts\run_config_ArSL.json
ArSL,new_exp2,vae_z,16.0,16,experiments\New_EXP2\artifacts\run_config_ArSL.json
ArSL,new_exp2,gen_sizes[0],0.3,0.3,experiments\New_EXP2\artifacts\run_config_ArSL.json
ArSL,new_exp2,gen_sizes[1],0.3,0.3,experiments\New_EXP2\artifacts\run_config_ArSL.json
ArSL,new_exp2,gen_sizes[2],0.3,0.3,experiments\New_EXP2\artifacts\run_config_ArSL.json
ArSL,new_exp2,mix_coeffs[0],0.6,0.6,experiments\New_EXP2\artifacts\run_config_ArSL.json
ArSL,new_exp2,mix_coeffs[1],0.2,0.2,experiments\New_EXP2\artifacts\run_config_ArSL.json
ArSL,new_exp2,mix_coeffs[2],0.2,0.2,experiments\New_EXP2\artifacts\run_config_ArSL.json
ArSL,new_exp2,fair_balance_signers,,True,experiments\New_EXP2\artifacts\run_config_ArSL.json
ArSL,new_exp2,signer_regexes[0],,signer[_-]?(\d+),experiments\New_EXP2\artifacts\run_config_ArSL.json
ArSL,new_exp2,signer_regexes[1],,[^\w]S(\d+)[^\w],experiments\New_EXP2\artifacts\run_config_ArSL.json
ArSL,new_exp2,signer_regexes[2],,Signer[_-]?(\d+),experiments\New_EXP2\artifacts\run_config_ArSL.json
ArSL,new_exp2,signer_regexes[3],,_s(\d+)_,experiments\New_EXP2\artifacts\run_config_ArSL.json
ArSL,new_exp2,signer_regexes[4],,-s(\d+)-,experiments\New_EXP2\artifacts\run_config_ArSL.json
,new_exp3,device,,cpu,experiments\New_EXP3\run_config.json
,new_exp3,data_path,,E:\Mahmoud\Exams\46\462\New-papers\Paper4-Under-Processing\HFAGM_Project\data\preprocessed\covid_clinical_preprocessed.csv,experiments\New_EXP3\run_config.json
,new_exp3,output_dir,,E:\Mahmoud\Exams\46\462\New-papers\Paper4-Under-Processing\HFAGM_Project\experiments\New_EXP3,experiments\New_EXP3\run_config.json
,new_exp3,encoder_path,,E:\Mahmoud\Exams\46\462\New-papers\Paper4-Under-Processing\HFAGM_Project\experiments\New_EXP2\encoder_pretrained.pth,experiments\New_EXP3\run_config.json
,new_exp3,generations,3.0,3,experiments\New_EXP3\run_config.json
,new_exp3,timestamp,,Mon Oct 27 17:43:46 2025,experiments\New_EXP3\run_config.json
,new_exps,input_dir,,E:\Mahmoud\Exams\46\462\New-papers\Paper4-Under-Processing\HFAGM_Project\data\preprocessed,experiments\New_EXPs\artifacts\run_config.json
,new_exps,input_file,,covid_clinical_preprocessed.csv,experiments\New_EXPs\artifacts\run_config.json
,new_exps,out_dir,,E:\Mahmoud\Exams\46\462\New-papers\Paper4-Under-Processing\HFAGM_Project\experiments\New_EXPs,experiments\New_EXPs\artifacts\run_config.json
,new_exps,label,,status,experiments\New_EXPs\artifacts\run_config.json
,new_exps,protected,,Gender,experiments\New_EXPs\artifacts\run_config.json
,new_exps,seeds[0],42.0,42,experiments\New_EXPs\artifacts\run_config.json
,new_exps,seeds[1],47.0,47,experiments\New_EXPs\artifacts\run_config.json
,new_exps,seeds[2],53.0,53,experiments\New_EXPs\artifacts\run_config.json
,new_exps,test_size,0.2,0.2,experiments\New_EXPs\artifacts\run_config.json
,new_exps,val_size,0.2,0.2,experiments\New_EXPs\artifacts\run_config.json
,new_exps,embed_dim,64.0,64,experiments\New_EXPs\artifacts\run_config.json
,new_exps,enc_epochs,40.0,40,experiments\New_EXPs\artifacts\run_config.json
,new_exps,enc_lr,0.001,0.001,experiments\New_EXPs\artifacts\run_config.json
,new_exps,tau,0.07,0.07,experiments\New_EXPs\artifacts\run_config.json
,new_exps,vae_epochs,60.0,60,experiments\New_EXPs\artifacts\run_config.json
,new_exps,vae_latent,16.0,16,experiments\New_EXPs\artifacts\run_config.json
,new_exps,gen_sizes[0],0.3,0.3,experiments\New_EXPs\artifacts\run_config.json
,new_exps,gen_sizes[1],0.3,0.3,experiments\New_EXPs\artifacts\run_config.json
,new_exps,gen_sizes[2],0.3,0.3,experiments\New_EXPs\artifacts\run_config.json
,new_exps,mix_coeffs[0],0.6,0.6,experiments\New_EXPs\artifacts\run_config.json
,new_exps,mix_coeffs[1],0.2,0.2,experiments\New_EXPs\artifacts\run_config.json
,new_exps,mix_coeffs[2],0.2,0.2,experiments\New_EXPs\artifacts\run_config.json
,new_exps,fair_target_parity,,True,experiments\New_EXPs\artifacts\run_config.json
