train_position,original_source_row_index
0,15
1,176
2,75
3,73
4,64
5,131
6,124
7,95
8,90
9,9
10,58
11,0
12,174
13,102
14,121
15,175
16,57
17,141
18,32
19,166
20,182
21,105
22,125
23,115
24,39
25,113
26,43
27,119
28,150
29,165
30,168
31,169
32,45
33,116
34,44
35,62
36,96
37,8
38,112
39,54
40,28
41,7
42,40
43,135
44,27
45,81
46,48
47,72
48,19
49,103
50,88
51,24
52,117
53,99
54,50
55,76
56,123
57,129
58,80
59,78
60,163
61,181
62,55
63,33
64,139
65,94
66,49
67,56
68,93
69,149
70,67
71,77
72,69
73,148
74,159
75,41
76,98
77,187
78,152
79,114
80,151
81,101
82,183
83,59
84,162
85,185
86,10
87,47
88,66
89,158
90,30
91,25
92,156
93,126
94,89
95,184
96,4
97,22
98,137
99,34
100,145
101,11
102,26
103,13
104,179
105,6
106,109
107,18
108,83
109,173
110,178
111,35
112,16
113,85
114,130
115,3
116,79
117,167
118,142
119,138
120,46
121,118
122,12
123,5
124,36
125,164
126,31
127,70
128,120
129,97
130,160
131,186
132,191
133,155
134,61
135,42
136,65
137,154
138,68
139,17
140,108
141,128
142,144
143,153
144,38
145,189
146,53
147,100
148,192
149,146
150,170
151,110
152,177
153,157
