sentence_index,metric,value_text,value_numeric,match_text,prefix,context,sentence
243,auc,0.99,0.99,AUC ≈ 0.99,el’s ability to preserve high accuracy (,"Together, they highlight the model’s ability to preserve high accuracy (AUC ≈ 0.99) while maintaining bounded drift and consistent fairness improvement, in full a","Together, they highlight the model’s ability to preserve high accuracy (AUC ≈ 0.99) while maintaining bounded drift and consistent fairness improvement, in full alignment with the theoretical guarantees of Eqs."
288,auc,0.99,0.99,AUC ≈ 0.99,"racy ranged between 0.93 and 0.97, with ","For the COVID-19 clinical dataset , accuracy ranged between 0.93 and 0.97, with AUC ≈ 0.99, confirming that fairness enforcement did not compromise discriminative perform","For the COVID-19 clinical dataset , accuracy ranged between 0.93 and 0.97, with AUC ≈ 0.99, confirming that fairness enforcement did not compromise discriminative performance."
295,f1,0.71,0.71,F1 ≈ 0.71,"acro-accuracy ranged ≈ 0.72–0.75, macro-","Macro-accuracy ranged ≈ 0.72–0.75, macro-F1 ≈ 0.71–0.74, and macro-AUC ≈ 0.99, evidencing effective multimodal generalization acro","Macro-accuracy ranged ≈ 0.72–0.75, macro-F1 ≈ 0.71–0.74, and macro-AUC ≈ 0.99, evidencing effective multimodal generalization across signer diversity and visual variation."
295,auc,0.99,0.99,AUC ≈ 0.99,"2–0.75, macro-F1 ≈ 0.71–0.74, and macro-","Macro-accuracy ranged ≈ 0.72–0.75, macro-F1 ≈ 0.71–0.74, and macro-AUC ≈ 0.99, evidencing effective multimodal generalization across signer diversity and vis","Macro-accuracy ranged ≈ 0.72–0.75, macro-F1 ≈ 0.71–0.74, and macro-AUC ≈ 0.99, evidencing effective multimodal generalization across signer diversity and visual variation."
302,eod,0.25,0.25,EOD = 0.25,within bounded ranges (DPD = 0.17–0.33; ,"emained > 0.90, and fairness oscillated within bounded ranges (DPD = 0.17–0.33; EOD = 0.25–0.38).","Across fairness generations, AUC remained > 0.90, and fairness oscillated within bounded ranges (DPD = 0.17–0.33; EOD = 0.25–0.38)."
309,eod,0.25,0.25,EOD 0.25,llations remain bounded (DPD 0.17–0.33; ,"AUC remains above 0.9 and fairness oscillations remain bounded (DPD 0.17–0.33; EOD 0.25–0.38), validating fairness stability and bounded-drift across domain shift.","AUC remains above 0.9 and fairness oscillations remain bounded (DPD 0.17–0.33; EOD 0.25–0.38), validating fairness stability and bounded-drift across domain shift."
315,eod,0.25,0.25,EOD 0.25,ons remained controlled (DPD 0.17–0.33; ,"oss-domain transfer , fairness oscillations remained controlled (DPD 0.17–0.33; EOD 0.25–0.38), indicating resilience to distributional and modality shift.","In the cross-domain transfer , fairness oscillations remained controlled (DPD 0.17–0.33; EOD 0.25–0.38), indicating resilience to distributional and modality shift."
328,auc,0.95,0.95,AUC ≈ 0.95,AGM++ sustains high predictive utility (,"Together, they demonstrate that HFAGM++ sustains high predictive utility (AUC ≈ 0.95–0.99) while maintaining bounded fairness deviations across recursive generation","Together, they demonstrate that HFAGM++ sustains high predictive utility (AUC ≈ 0.95–0.99) while maintaining bounded fairness deviations across recursive generations and under cross-modality adaptation."
342,f1,0.73,0.73,F1 ≈ 0.73 ,er loss (≈ 4.1 → 2.8) and yielded macro-,"] and He et al., 2020 [2]) reduced encoder loss (≈ 4.1 → 2.8) and yielded macro-F1 ≈ 0.73 and AUC ≈ 0.99.","The supervised contrastive encoder (as formulated by Chen et al., 2020 [1] and He et al., 2020 [2]) reduced encoder loss (≈ 4.1 → 2.8) and yielded macro-F1 ≈ 0.73 and AUC ≈ 0.99."
342,auc,0.99,0.99,AUC ≈ 0.99, → 2.8) and yielded macro-F1 ≈ 0.73 and ,"., 2020 [2]) reduced encoder loss (≈ 4.1 → 2.8) and yielded macro-F1 ≈ 0.73 and AUC ≈ 0.99.","The supervised contrastive encoder (as formulated by Chen et al., 2020 [1] and He et al., 2020 [2]) reduced encoder loss (≈ 4.1 → 2.8) and yielded macro-F1 ≈ 0.73 and AUC ≈ 0.99."
346,auc,0.95,0.95,AUC ≈ 0.95 ,e-tuning on tabular features maintained ,"ng from the pretrained ArSL encoder, fine-tuning on tabular features maintained AUC ≈ 0.95 and accuracy > 0.90 across generations, while DPD fluctuated between 0.17 and 0.","Starting from the pretrained ArSL encoder, fine-tuning on tabular features maintained AUC ≈ 0.95 and accuracy > 0.90 across generations, while DPD fluctuated between 0.17 and 0.33 and EOD between 0.25 and 0.38."
