claim_id,section,category,description,target_values,status,number_of_hits,number_of_files,found_values,candidate_files
C40_FID_HGF_1_5,4.1 / 4.3 / Discussion,fidelity,HGF/baseline fidelity reported around 1.5,1.5,FOUND - SINGLE FILE,18,1,1.5,New_Code\01_audit_existing_results.py
C46_FID_LIGHTWEIGHT_1_6,4.3,fidelity,Lightweight fidelity reported around 1.6,1.6,FOUND - SINGLE FILE,19,1,1.6,New_Code\01_audit_existing_results.py
C46_FID_LIGHTWEIGHT_3_2,Discussion,fidelity,Lightweight fidelity reported as 3.2,3.2,FOUND - SINGLE FILE,13,1,3.2,New_Code\01_audit_existing_results.py
C42_SPD_ZERO,4.2,fairness,Fairness-audited model SPD reported as 0.0,0.0,FOUND - SINGLE FILE,25,1,0.0; 1e-06,New_Code\01_audit_existing_results.py
C42_SPD_BASELINE_00514,4.2,fairness,Baseline SPD reported as 0.0514,0.0514,FOUND - SINGLE FILE,10,1,0.0514,New_Code\01_audit_existing_results.py
C42_EOD_ONE,4.2,fairness,Fairness-audited EOD reported as 1.0,1.0,FOUND - MULTIPLE FILES,23,5,1.0,New_Code\01_audit_existing_results.py; experiments\New_EXPs\metrics\all_seeds_generations.csv; experiments\New_EXPs\metrics\per_seed_results_seed42.csv; experiments\New_EXPs\metrics\per_seed_results_seed47.csv; experiments\New_EXPs\metrics\per_seed_results_seed53.csv
C44_DI_REAL_1,4.4,fairness,Real-data disparate impact reported as 1.0,1.0,FOUND - MULTIPLE FILES,156,14,1.0,New_Code\01_audit_existing_results.py; data\preprocessed\X_test_scaled.csv; data\preprocessed\generate_graph_features_and_adjacency.py; data\raw\ArSL21L\sign.yaml; data\raw\covid_clinical.xlsx; get_project_structure.py; models\classifiers\hfagm_model.py; models\classifiers\train_hfagm.py; models\encoders\contrastive_encoder.py; models\layers\sparse_gat_layer.py; preprocess_covid_clinical.py; split_and_standardize.py; training\ensemble\train_hfagm.py; training\hfagm\train_hfagm.py
C44_DI_BASELINE_0643,4.4,fairness,Baseline synthetic DI reported as 0.643,0.643,FOUND - SINGLE FILE,16,1,0.643,New_Code\01_audit_existing_results.py
C44_DI_LIGHTWEIGHT_0209,4.4,fairness,Lightweight synthetic DI reported as 0.209,0.209,FOUND - SINGLE FILE,14,1,0.209,New_Code\01_audit_existing_results.py
C41_ACC_REAL_0983,4.4 / Discussion,utility,Real-data accuracy reported around 0.983,0.983,FOUND - MULTIPLE FILES,22,3,0.9815789473684211; 0.9825151325764452; 0.983; 0.9852253112226839,New_Code\01_audit_existing_results.py; experiments\New_EXP2\metrics\per_seed_ArSL_seed53.csv; experiments\New_EXPs\metrics\per_seed_results_seed47.csv
C41_ACC_BASELINE_0957,4.5 / 4.6,utility,Baseline synthetic accuracy reported around 0.957,0.957,FOUND - SINGLE FILE,18,1,0.957,New_Code\01_audit_existing_results.py
C46_ACC_LIGHTWEIGHT_094,4.3,utility,Lightweight accuracy reported around 0.94,0.94,FOUND - MULTIPLE FILES,26,3,0.94; 0.9444444444444444; 0.9473684210526315; 0.9487179487179487,New_Code\01_audit_existing_results.py; experiments\New_EXPs\metrics\per_seed_results_seed47.csv; experiments\New_EXPs\metrics\per_seed_results_seed53.csv
C46_ACC_LIGHTWEIGHT_0703,Discussion,utility,Lightweight accuracy reported as 0.703,0.703,FOUND - MULTIPLE FILES,12,2,0.703; 0.7034409081785196,New_Code\01_audit_existing_results.py; experiments\New_EXP2\metrics\summary_by_generation_ArSL.csv
C46_F1_LIGHTWEIGHT_091,4.3,utility,Lightweight F1 reported around 0.91,0.91,FOUND - SINGLE FILE,14,1,0.91,New_Code\01_audit_existing_results.py
C46_AUC_BASELINE_0996,4.5 / Discussion,utility,Baseline ROC-AUC reported around 0.996,0.996,FOUND - MULTIPLE FILES,25,4,0.9947368421052631; 0.996; 0.9973684210526316,New_Code\01_audit_existing_results.py; experiments\New_EXPs\metrics\all_seeds_generations.csv; experiments\New_EXPs\metrics\per_seed_results_seed42.csv; experiments\New_EXPs\metrics\per_seed_results_seed53.csv
C46_AUC_LIGHTWEIGHT_0801,Discussion,utility,Lightweight ROC-AUC reported around 0.801,0.801,FOUND - SINGLE FILE,18,1,0.801,New_Code\01_audit_existing_results.py
C47_RUNTIME_25_PERCENT,4.3,efficiency,Lightweight configuration reported about 25% faster,25.0,FOUND - MULTIPLE FILES,21,2,25.0; 27.0,New_Code\01_audit_existing_results.py; experiments\New_EXP3\run_config.json
C47_MEMORY_20_30_PERCENT,4.3,efficiency,Lightweight GPU-memory reduction reported as 20-30%,20.0; 25.0; 30.0,FOUND - SINGLE FILE,48,1,20.0; 25.0; 30.0,New_Code\01_audit_existing_results.py
C47_HYBRID_MEMORY_40_PERCENT,Discussion,efficiency,Hybrid model reported about 40% more GPU memory,40.0,FOUND - SINGLE FILE,13,1,40.0,New_Code\01_audit_existing_results.py
C45_SYNTHETIC_N_500,4.3,scalability,Synthetic scalability workload includes N=500,500,FOUND - SINGLE FILE,17,1,500.0,New_Code\01_audit_existing_results.py
C45_SYNTHETIC_N_100000,4.3,scalability,Synthetic scalability workload includes N=100000,100000,FOUND - SINGLE FILE,16,1,100000.0,New_Code\01_audit_existing_results.py
