sentence_index,matched_terms,clinical_anchor_present,sentence
3,"[""multimodal""]",0,"However, existing models—such as GANs, VAEs, and diffusion networks—often struggle to jointly achieve high fidelity, fairness, and generalization, particularly in complex, imbalanced, or multimodal domains."
22,"[""multimodal""]",1,"Despite these advances, ensuring both fidelity and fairness in synthetic data remains a major hurdle, especially in high-dimensional or multimodal domains such as network traffic or clinical decision-making."
40,"[""multimodal""]",1,"Conceptual Overview The Hybrid Fairness-Aware Generative Model (HFAGM++) addresses the problem of achieving robust, fair, and generalizable learning in data-scarce and bias-prone domains such as clinical diagnostics or multimodal behavioral analytics."
174,"[""multimodal""]",0,"Experiments and Experimental Settings The experiments were designed to empirically validate the theoretical constructs introduced in Section 3 by testing HFAGM++ under fairness-critical, data-scarce, and multimodal conditions."
197,"[""modalities""]",0,"To comprehensively evaluate fairness , generalization , and cross-modal transferability , three data regimes were employed: structured biomedical data, temporal-visual sign language data, and a cross-domain transfer scenario linking both modalities."
198,"[""multimodal""]",0,"Together, they provide a rigorous multimodal benchmark for assessing the scalability and theoretical validity of HFAGM++."
206,"[""rgb""]",0,These datasets consist of RGB video sequences (224 × 224 pixels) depicting isolated Arabic signs performed by multiple signers.
262,"[""modalities""]",1,"Unlike baseline fairness methods, which degrade sharply when transferred across modalities, HFAGM++ maintains bounded DPD/EOD (≤ 0.38) in the ArSL → COVID transfer."
275,"[""modalities""]",0,"HFAGM++ encloses the smallest fairness gap region and attains the highest utility, confirming improved geometric stability and fairness preservation across modalities."
281,"[""multimodal""]",0,"Results The experimental evaluation of the Hybrid Fairness-Aware Generative Model (HFAGM++) was conducted to validate the theoretical foundations presented in Section 3 and to assess empirical robustness under fairness-critical, multimodal, and cross-domain conditions."
284,"[""modalities""]",1,Cross-Domain Transfer (ArSL → COVID-19) — evaluating fairness stability and bounded drift under distributional shift between visual and tabular modalities.
295,"[""multimodal""]",0,"Macro-accuracy ranged ≈ 0.72–0.75, macro-F1 ≈ 0.71–0.74, and macro-AUC ≈ 0.99, evidencing effective multimodal generalization across signer diversity and visual variation."
299,"[""multimodal""]",0,"The figure reports accuracy, macro-AUC, macro-F1, DPD-correctness, and Δz across fairness-aware generations, confirming that fairness remains stable with minimal drift under multimodal variability."
301,"[""modality""]",0,"Across 30 epochs, encoder loss decreased (26.6 → 18.5 → 13.6), confirming successful modality adaptation from vision-based to tabular inputs."
305,"[""modalities""]",0,"These patterns confirm that HFAGM++ transfers its fairness-preserving latent geometry across modalities, not merely fairness at the output level."
315,"[""modality""]",0,"In the cross-domain transfer , fairness oscillations remained controlled (DPD 0.17–0.33; EOD 0.25–0.38), indicating resilience to distributional and modality shift."
317,"[""modalities""]",0,This consistency across modalities demonstrates that fairness is encoded geometrically in the latent space rather than as an after-the-fact correction at the prediction level.
321,"[""modality""]",0,"In the cross-domain experiment , z stabilized (≈ 4.1–4.2), indicating that recursive fairness maintained compact latent geometry despite the modality gap."
325,"[""modalities""]",1,"The fine-tuned ArSL encoder retained its equitable latent structure when transferred to clinical prediction, proving that fairness geometry generalizes across modalities—a key novelty distinguishing HFAGM++ from domain-specific fairness methods."
328,"[""modality""]",0,"Together, they demonstrate that HFAGM++ sustains high predictive utility (AUC ≈ 0.95–0.99) while maintaining bounded fairness deviations across recursive generations and under cross-modality adaptation."
332,"[""modalities""]",0,"This unified set of results confirms the dual strengths of HFAGM++: (1) high-fidelity fairness regularization that generalizes across data modalities, and (2) bounded-drift stability ensuring reproducible fairness geometry under recursive synthesis and cross-domain transfer."
334,"[""multimodal""]",0,"Discussion and Comparative Evaluation The three experiments collectively confirm that the proposed Hybrid Fairness-Aware Generative Model (HFAGM++) establishes a reproducible, theoretically grounded, and empirically stable framework for fairness-aware learning across structured and multimodal domains."
341,"[""modality"", ""visual modality""]",0,Experiment 2 (ArSL Visual Data) extended this validation to a temporal-visual modality.
349,"[""modalities""]",0,This demonstrates that HFAGM++ sustains fair geometry across modalities—a property rarely verified in fairness research.
391,"[""multimodal""]",0,The results imply that fairness-aware recursion can serve as a general framework for equitable synthetic data generation in biomedical and multimodal applications.
397,"[""multimodal""]",0,"Conclusion This study presented the Hybrid Fairness-Aware Generative Model (HFAGM++) , a unified framework designed to achieve fairness-preserving generalization across structured and multimodal data."
402,"[""modality""]",0,"Moreover, the cross-domain transfer experiment established that HFAGM++ generalizes fairness across modality boundaries, achieving robustness under distributional shifts."
