evidence_id,reviewer_comments,topic,manuscript_claim_or_issue,reproducibility_status,evidence_status,validated_evidence,invalid_or_unsupported_evidence,final_value_or_interpretation,manuscript_action,required_wording_or_constraint,source_stage,source_files,severity,final_disposition
E02E-01,"C21,C22,C27,C29",Repeated leakage-safe classifier performance,Classifier performance must be based on leakage-safe evaluation rather than the historically contaminated split.,REPRODUCIBLE,VALIDATED,training_only_oversampled -> accuracy: 0.976923±0.022451; precision: 0.980476±0.033761; sensitivity: 0.973684±0.044728; specificity: 0.980000±0.034960; f1: 0.976058±0.023537; roc_auc: 0.998421±0.003329 | unbalanced_training -> accuracy: 0.982051±0.021110; precision: 0.980476±0.033761; sensitivity: 0.984211±0.035524; specificity: 0.980000±0.034960; f1: 0.981614±0.021734; roc_auc: 0.998684±0.003340,Historical perfect metrics obtained from the earlier leakage-contaminated workflow must not be used as primary headline evidence.,Use repeated leakage-safe holdouts descriptively. Ten seeds reuse the same participant cohort and therefore represent stability analyses rather than independent datasets.,RETAIN corrected repeated-holdout classifier results; REMOVE/REPLACE leakage-contaminated primary claims.,Report mean±SD/range across repeated leakage-safe partitions; do not describe the ten seeds as independent experimental replicates.,02E,outputs\revision_primary_metrics\repeated_leakage_safe_evaluation\repeated_seed_metrics.csv,CRITICAL,REWRITE
E02F-01,"C21,C27",Feature chronology and proxy leakage,The chronology of highly predictive clinical features is incompletely documented.,SOURCE_NOT_AUTO_RESOLVED,LIMITATION,No direct temporal/outcome proxy leakage was established in the recovered audit.,Absence of direct proxy evidence does not prove that all feature timing was prospectively valid.,"Feature timing remains a documented limitation, particularly because some predictors are highly discriminative.",RETAIN as a limitation; avoid claims of fully prospective or deployment-ready validation.,"State that no direct temporal leakage was identified, but predictor timing relative to outcome determination could not be fully verified.",02F_v2,,MAJOR,REWRITE
E03-01,"C16,C17,C18,C29",Recomputed fairness metrics,Historical SPD/EOD/DI interpretations are inconsistent with standard parity interpretation.,REPRODUCIBLE,VALIDATED_CLASSIFIER_FAIRNESS,{},EOD=1 cannot be described as perfect fairness under the standard signed-difference interpretation. Historical DI values 1 -> 0.643 -> 0.209 do not demonstrate improvement toward parity.,"SPD≈0, EOD≈0, and DI≈1 indicate parity. The corrected fairness audit applies to the real-outcome classifier, not to an unverified synthetic generator.",REPLACE historical fairness interpretation with corrected classifier-fairness reporting; REMOVE generator-fairness claims unsupported by implementation evidence.,"Explicitly state sensitive attribute, reference group, favorable outcome, subgroup counts, and that the results are classifier fairness metrics.",03,outputs\revision_fairness\recomputed_fairness\fairness_summary_reference.csv,CRITICAL,REWRITE
E04-01,"C19,C24",FID / Structured Fréchet Distance,The manuscript reports FID-like fidelity values without recoverable generator or feature-space provenance.,NOT_REPRODUCIBLE,UNSUPPORTED,The audit established that the recovered data consist of structured predictors and that no provenance-valid synthetic table was available for recomputation.,"Absolute historical values 1.5, 1.6, and 3.2 are unsupported. Conventional image FID is not established for the structured clinical feature space.",No reproducible FID/SFD result is available from recovered artifacts.,REMOVE absolute FID claims and any comparison that relies on those values.,Do not call a structured-feature Fréchet distance conventional FID unless a valid feature space and synthetic source are explicitly established.,04,,CRITICAL,REMOVE
E04B-01,"C6,C7,C8,C9,C10,C11,C19,C20,C26,C28,C30,C31",Recovered HFAGM generative implementation,"The manuscript describes a GAN/VAE/diffusion hybrid generator, adaptive fairness controller, and synthetic-data generation pipeline.",NOT_REPRODUCIBLE,IMPLEMENTATION_MISSING,"Recovered implementation supports classifier/encoder/graph processing. No verified GAN, VAE, diffusion generator, hybrid generative integration, latent/noise sampling, 51-feature generator output, or generator checkpoint was established.","Textual mathematical descriptions, diagrams, BCE losses, class names, and empty generator directories do not establish an executable synthetic generator.",The recovered codebase cannot substantiate the manuscript's historical structured synthetic generator claims.,MAJOR REFRAME: remove unsupported implementation/results claims for GAN/VAE/diffusion hybrid generation. Do not retroactively create a new generator and present it as the original experiment.,"Any future generator implementation must be explicitly labeled as a new/corrected experiment, not a reconstruction of the historical study.",04B_v2,,CRITICAL,REMOVE_OR_MAJOR_REFRAME
E05-01,"C21,C22,C27",Common untouched real-test downstream utility,Synthetic-vs-real downstream utility comparisons require the same untouched real test set.,PARTIALLY_REPRODUCIBLE,REAL_REFERENCE_ONLY,A leakage-safe real-data reference using the same locked test protocol was recoverable.,"No provenance-valid labeled 51-feature synthetic dataset was recovered, so synthetic-utility conditions cannot be recomputed.",Retain the real benchmark only as a controlled reference; do not claim validated synthetic-vs-real downstream utility.,REMOVE historical synthetic utility superiority claims. RETAIN only explicitly reproducible real-data evaluation.,Do not convert the single locked-test perfect score into a headline superiority claim; use repeated leakage-safe stability evidence for broader reporting.,05,,CRITICAL,REWRITE
E06-01,"C10,C23,C25",Generative scalability and computational efficiency,"Claims such as N=500→100000, ~25% faster, 20–30% lower GPU memory, and conflicting +40% memory require matched generator-linked measurements.",NOT_REPRODUCIBLE,UNSUPPORTED,Recovered artifacts did not establish a verified generator-linked runtime or GPU-memory benchmark.,Synthetic scale and runtime/memory percentages are unsupported. Classifier/preprocessing timing cannot substitute for generator scalability.,"Large synthetic N, if mentioned at all, is computational workload and not independent clinical information.",REMOVE unsupported scalability/runtime/memory claims.,"If computational efficiency is discussed, frame it as an unverified design objective or future evaluation requirement.",06,,CRITICAL,REMOVE
E07-01,"C11,C28",Generator/fusion/fairness/scalability ablations,"Reviewer requested full HGF vs GAN/VAE/diffusion, adaptive vs static fusion, fairness on/off, and scalability on/off ablations.",NOT_REPRODUCIBLE,MISSING_EXECUTED_VARIANTS,Recovered project does not contain the required executed historical ablation variants and result provenance.,Generic implementation keywords or classifier hyperparameters cannot be relabeled as generator ablations.,The requested ablation study cannot be reconstructed from existing artifacts.,"REMOVE unsupported historical ablation claims and figures. If new ablations are later run, label them explicitly as new corrected experiments.",Do not imply that missing ablation variants were evaluated.,07,outputs\revision_ablation\ablation_audit_summary.txt,CRITICAL,REMOVE
E08-01,C29,Statistical significance and uncertainty,"Claims using 'significantly', statistical superiority, or inferential p-values require independent replicates or an appropriate inferential design.",AUDITED,DESCRIPTIVE_ONLY,"Ten leakage-safe repeated holdouts can support descriptive mean, SD, median, and range.",The same 193-participant cohort is reused across holdouts; formal p-values and independent-replicate significance claims are not supported.,Treat the repeated holdouts as stability analyses.,REMOVE 'significantly improved/outperformed' unless supported by a future valid inferential design.,"Across ten leakage-safe stratified holdouts, performance was evaluated descriptively using mean, standard deviation, median, and range; no inferential p-values are reported.",08_v2,outputs\revision_statistics_v2\statistical_claim_audit_v2_summary.txt,MAJOR,REWRITE
E09-01,"C13,C14",Multimodal clinical scope,The manuscript claims multimodal clinical evaluation and cross-domain/multimodal generalization.,NOT_REPRODUCIBLE,UNSUPPORTED_SCOPE,"Stage 09 found 27 multimodal manuscript claims, 0 strict executable clinical multimodal+fusion candidates, 0 clinical image artifacts, and a large unrelated sign-language image repository.",Presence of ArSL/sign-language images elsewhere in the project does not establish multimodal clinical HFAGM evaluation.,The reproducible clinical study should be described as structured/tabular clinical data.,REMOVE or reframe multimodal clinical claims.,"Do not state that fairness, utility, or generator behavior generalizes across modalities unless a recoverable multimodal clinical implementation and experiment are provided.",09_v2,outputs\revision_multimodal_figure_audit_v2\multimodal_figure_results_audit_v2_summary.txt,CRITICAL,REMOVE_OR_MAJOR_REFRAME
E09-02,C15,Figure numbering and figure provenance,Figure numbering/captions contain inconsistencies.,AUDITED,CORRECTION_REQUIRED,Stage 09 detected 3 duplicate figure-number groups and no exact/perceptual duplicate image pairs.,A duplicated figure number is distinct from an exact duplicate image. Unsupported generative/multimodal figures cannot be fixed by renumbering alone.,Figure numbering must be corrected after unsupported figures are removed/reframed.,"REMOVE unsupported figures first, then renumber remaining figures sequentially and align every caption/reference.",Do not preserve a figure solely for continuity if its experimental claim is unsupported.,09_v2,outputs\revision_multimodal_figure_audit_v2\figure_inventory_v2.csv; outputs\revision_multimodal_figure_audit_v2\duplicate_figure_numbers_v2.csv,MAJOR,CORRECT_AFTER_RESTRUCTURE
E09-03,C22,Accuracy and confusion-matrix consistency,Confusion-matrix-derived accuracy must match the same evaluation condition.,PARTIAL,MANUAL_SOURCE_LINK_REQUIRED,Context-aware Stage 09 parsing found no directly assigned accuracy values and kept AUC 0.95/0.99 separate from accuracy.,No complete textual TP/TN/FP/FN set was recovered from the manuscript; image-only confusion matrices cannot be numerically validated without source result counts.,"For each retained confusion matrix, recompute accuracy as (TP+TN)/(TP+TN+FP+FN) from the source evaluation condition.",RETAIN only confusion matrices with source-linked counts; remove or replace unsupported matrices.,Never substitute AUC for accuracy.,09_v2,outputs\revision_multimodal_figure_audit_v2\multimodal_figure_results_audit_v2_summary.txt,MAJOR,VERIFY_BEFORE_RETAINING
E09-04,C23,Synthetic sample size,Synthetic sample count must not be interpreted as additional independent patients.,AUDITED,INTERPRETATION_CONSTRAINT,Stage 09 found no directly parsed large synthetic-N statement in the selected manuscript version.,Historical N=500→100000 generator-scale claims remain unsupported by Stage 06.,Independent clinical information remains limited to the original cohort of 193 participants.,REMOVE unsupported historical synthetic-scale statements.,"If a synthetic row count is ever reported, call it generated computational workload, not increased independent sample size.","06,09_v2",outputs\revision_multimodal_figure_audit_v2\multimodal_figure_results_audit_v2_summary.txt,MAJOR,REWRITE_OR_REMOVE
ESTR-01,"C6,C7,C8,C9,C10,C11,C12,C26,C31",Mathematical HGF/HFAGM framework,The current equations and narrative imply an executable hybrid generative optimizer that is not recovered in code.,NOT_SUPPORTED_AS_IMPLEMENTED,THEORETICAL_ONLY_AT_BEST,A conceptual mathematical framework may be discussed only if clearly separated from implemented experiments.,Equations cannot be presented as implemented training mechanics when generator/fairness/scalability modules are absent.,Separate conceptual design from empirically verified components.,REWRITE Methods to distinguish conceptual framework from recovered executable classifier/encoder pipeline; remove unsupported implementation-specific equations or claims.,Do not describe non-differentiable SPD/EOD or wall-clock terms as direct gradient objectives unless an actual differentiable surrogate/proxy is verified.,"04B_v2,06,07",outputs\revision_ablation\ablation_audit_summary.txt,CRITICAL,MAJOR_REWRITE
ESTR-02,C12,Pareto-optimal wording,Pareto-optimal/optimal-frontier claims require explicit frontier/convergence evidence.,NOT_ESTABLISHED,UNSUPPORTED,No verified Pareto-front/convergence artifact was recovered.,Multi-objective language alone does not establish Pareto optimality.,"The work may discuss trade-offs, not proven Pareto optimality.",REMOVE Pareto-optimal wording.,Use 'trade-off' or 'multi-objective design motivation' instead of 'Pareto-optimal' unless new evidence is produced.,Master synthesis,,MAJOR,REMOVE
ESTR-03,C20,PR-GM and MSS metrics,PR-GM/MSS are undefined or unreported in reproducible outputs.,NOT_ESTABLISHED,UNSUPPORTED_UNLESS_SOURCE_FOUND,No validated PR-GM/MSS result is currently part of the reproducible evidence set.,Undefined metrics cannot remain as evidence of fidelity/utility.,Either define and reproduce them from source outputs or remove them.,Default to REMOVE unless a provenance-valid source is recovered.,Do not invent definitions or back-calculate missing values.,Master synthesis,,MAJOR,REMOVE_UNLESS_PROVEN
ESTR-04,C25,Hardware reporting,Conflicting RTX 6000 vs RTX 3080 hardware descriptions exist.,UNRESOLVED,MANUAL_PROVENANCE_REQUIRED,Hardware must be tied to the exact retained experiment.,A hardware configuration from an unrelated experiment must not be imported into this manuscript.,Retain only hardware supported by the exact experiment logs/code.,VERIFY retained experiment hardware before final Methods.,Do not use unrelated RTX 3080 evidence to resolve the manuscript's RTX 6000/3080 conflict.,06 + master synthesis,,MAJOR,VERIFY_BEFORE_RETAINING
ESTR-05,C27,Baseline tuning fairness,Model comparisons must use comparable tuning/search budgets.,PARTIAL,REWRITE_REQUIRED,Corrected classifier evaluation can be retained where the pipeline and split are reproducible.,Historical superiority claims across differently tuned models cannot be interpreted as a controlled architecture comparison.,Describe baseline results descriptively unless tuning parity is documented.,REMOVE claims that attribute performance differences solely to model architecture when tuning budgets differ or are unknown.,Report known hyperparameters and acknowledge unequal/unknown search budgets where applicable.,"02E,05,master synthesis",outputs\revision_primary_metrics\repeated_leakage_safe_evaluation\repeated_seed_metrics.csv,MAJOR,REWRITE
ESTR-06,C30,Privacy claims,Synthetic data are described as privacy-preserving without a verified privacy evaluation.,NOT_ESTABLISHED,UNSUPPORTED_AS_RESULT,Privacy can remain as motivation/background only.,"No verified membership inference, attribute inference, differential privacy, or equivalent privacy experiment was recovered.",Synthetic data generation does not automatically establish privacy.,REMOVE empirical privacy-preservation claims; retain cautious motivation and explicitly state privacy was not evaluated.,"Use wording such as 'may reduce direct exposure of original records' only as motivation, not as a demonstrated guarantee.",Master synthesis,,CRITICAL,REWRITE
ESTR-07,"C31,C33",Novelty and paper scope,"Current novelty claims depend on unsupported generator, multimodal, fairness-generation, ablation, and scalability results.",NARROWER_SCOPE_REQUIRED,REFRAME,"The strongest reproducible contribution is a leakage-aware evaluation/re-audit of structured clinical classification, with corrected fairness/stability interpretation.",Broad claims of a validated adaptive hybrid generative framework cannot be sustained by recovered artifacts.,Novelty must be narrowed to what the retained evidence actually supports.,"REWRITE title, abstract, contributions, Methods, Results, Discussion, and Conclusion around reproducible evidence.","Do not claim validated multimodal generalization, synthetic generation superiority, or proven generator fairness.","04B_v2,05,06,07,08_v2,09_v2",outputs\revision_ablation\ablation_audit_summary.txt; outputs\revision_statistics_v2\statistical_claim_audit_v2_summary.txt; outputs\revision_multimodal_figure_audit_v2\multimodal_figure_results_audit_v2_summary.txt,CRITICAL,MAJOR_REWRITE
ESTR-08,C32,Reference audit,Reference numbering/DOI relevance must be checked independently of the experimental evidence audit.,NOT_AUDITED_BY_STAGE10,PENDING_REFERENCE_AUDIT,Stage 10 does not infer or invent bibliographic corrections.,Potential citation mismatch remains possible and must be checked against actual bibliographic records.,Reference audit remains a separate manuscript-finalization task.,"VERIFY DOI, title, journal, author, year, and relevance for every retained reference.",Do not retain a reference solely because it appears in the current bibliography if it does not support the cited statement.,Pending final reference audit,,MAJOR,PENDING
