variant,test_row_id,original_source_row_index,y_true,y_pred,correct,score_source,y_score_positive
training_only_oversampled,0,87,0,0,1,predict_proba_positive_class,0.06430715856293388
training_only_oversampled,1,136,1,1,1,predict_proba_positive_class,0.7534271989670361
training_only_oversampled,2,104,1,1,1,predict_proba_positive_class,0.9898746951588868
training_only_oversampled,3,132,1,1,1,predict_proba_positive_class,0.9766583438875945
training_only_oversampled,4,1,0,0,1,predict_proba_positive_class,0.006756680555776072
training_only_oversampled,5,91,0,0,1,predict_proba_positive_class,0.03173487137264994
training_only_oversampled,6,143,1,1,1,predict_proba_positive_class,0.9928911112986164
training_only_oversampled,7,20,0,0,1,predict_proba_positive_class,0.0206109994523407
training_only_oversampled,8,52,0,0,1,predict_proba_positive_class,0.12464187589076968
training_only_oversampled,9,134,1,1,1,predict_proba_positive_class,0.9799926993664365
training_only_oversampled,10,161,1,1,1,predict_proba_positive_class,0.9866570484201785
training_only_oversampled,11,180,1,1,1,predict_proba_positive_class,0.985396897494958
training_only_oversampled,12,106,1,1,1,predict_proba_positive_class,0.9599866366646509
training_only_oversampled,13,133,1,1,1,predict_proba_positive_class,0.9826511429290611
training_only_oversampled,14,127,1,1,1,predict_proba_positive_class,0.9097346950559183
training_only_oversampled,15,74,0,0,1,predict_proba_positive_class,0.00761151538519907
training_only_oversampled,16,92,0,0,1,predict_proba_positive_class,0.005045244339135777
training_only_oversampled,17,60,0,0,1,predict_proba_positive_class,0.01680491539418779
training_only_oversampled,18,82,0,0,1,predict_proba_positive_class,0.005400935501286903
training_only_oversampled,19,2,0,0,1,predict_proba_positive_class,0.14526813946255834
training_only_oversampled,20,63,0,0,1,predict_proba_positive_class,0.019705964280900035
training_only_oversampled,21,51,0,0,1,predict_proba_positive_class,0.11422362687033484
training_only_oversampled,22,111,1,1,1,predict_proba_positive_class,0.9787059646892241
training_only_oversampled,23,29,0,0,1,predict_proba_positive_class,0.030426658934698914
training_only_oversampled,24,172,1,1,1,predict_proba_positive_class,0.9865237681159793
training_only_oversampled,25,21,0,0,1,predict_proba_positive_class,0.007598383129533867
training_only_oversampled,26,190,1,1,1,predict_proba_positive_class,0.9828740458283414
training_only_oversampled,27,86,0,0,1,predict_proba_positive_class,0.04072609579255126
training_only_oversampled,28,122,1,1,1,predict_proba_positive_class,0.9628814640953949
training_only_oversampled,29,147,1,1,1,predict_proba_positive_class,0.981022164471517
training_only_oversampled,30,14,0,0,1,predict_proba_positive_class,0.018666347226976906
training_only_oversampled,31,37,0,0,1,predict_proba_positive_class,0.05363329674862377
training_only_oversampled,32,107,1,1,1,predict_proba_positive_class,0.9665690357172338
training_only_oversampled,33,171,1,1,1,predict_proba_positive_class,0.9764248579276152
training_only_oversampled,34,23,0,0,1,predict_proba_positive_class,0.021653468864171754
training_only_oversampled,35,140,1,1,1,predict_proba_positive_class,0.9294242642224018
training_only_oversampled,36,71,0,0,1,predict_proba_positive_class,0.016760791115168892
training_only_oversampled,37,188,1,1,1,predict_proba_positive_class,0.9566103472590264
training_only_oversampled,38,84,0,0,1,predict_proba_positive_class,0.032773687051262435
