seed,variant,test_partition_row,source_index,y_true,y_pred,correct_recomputed,y_prob,score_source,Gender,Nationality
42,unbalanced_training,0,87,0,0,1,0.0739044460560546,predict_proba,M,NS
42,unbalanced_training,1,136,1,1,1,0.7013767467561337,predict_proba,M,S
42,unbalanced_training,2,104,1,1,1,0.9899526360187204,predict_proba,F,NS
42,unbalanced_training,3,132,1,1,1,0.9733223238420652,predict_proba,M,NS
42,unbalanced_training,4,1,0,0,1,0.0067647788828944,predict_proba,M,S
42,unbalanced_training,5,91,0,0,1,0.0373765663497316,predict_proba,M,NS
42,unbalanced_training,6,143,1,1,1,0.9961881545659372,predict_proba,F,S
42,unbalanced_training,7,20,0,0,1,0.0129968164958822,predict_proba,M,S
42,unbalanced_training,8,52,0,0,1,0.1427187801091241,predict_proba,F,S
42,unbalanced_training,9,134,1,1,1,0.9833257613269014,predict_proba,M,NS
42,unbalanced_training,10,161,1,1,1,0.9966563967021468,predict_proba,F,S
42,unbalanced_training,11,180,1,1,1,0.6321240326610228,predict_proba,M,NS
42,unbalanced_training,12,106,1,1,1,0.9666584383940916,predict_proba,M,NS
42,unbalanced_training,13,133,1,1,1,0.993028864826771,predict_proba,F,S
42,unbalanced_training,14,127,1,1,1,0.9094171777571533,predict_proba,M,NS
42,unbalanced_training,15,74,0,0,1,0.0540976488746839,predict_proba,M,S
42,unbalanced_training,16,92,0,0,1,0.0127465942207806,predict_proba,M,NS
42,unbalanced_training,17,60,0,0,1,0.0149955002752158,predict_proba,F,NS
42,unbalanced_training,18,82,0,0,1,0.0222588072984068,predict_proba,M,NS
42,unbalanced_training,19,2,0,0,1,0.144868765645746,predict_proba,M,NS
42,unbalanced_training,20,63,0,0,1,0.0110083883428726,predict_proba,M,NS
42,unbalanced_training,21,51,0,0,1,0.1376711874822248,predict_proba,M,NS
42,unbalanced_training,22,111,1,1,1,0.9885339464141428,predict_proba,M,NS
42,unbalanced_training,23,29,0,0,1,0.0369596483384798,predict_proba,M,S
42,unbalanced_training,24,172,1,1,1,0.9831670892590898,predict_proba,M,NS
42,unbalanced_training,25,21,0,0,1,0.0108819780225408,predict_proba,M,NS
42,unbalanced_training,26,190,1,1,1,0.989816810243588,predict_proba,M,NS
42,unbalanced_training,27,86,0,0,1,0.0357829093413973,predict_proba,F,NS
42,unbalanced_training,28,122,1,1,1,0.9629696470435308,predict_proba,M,NS
42,unbalanced_training,29,147,1,1,1,0.975618196824009,predict_proba,F,NS
42,unbalanced_training,30,14,0,0,1,0.0216672455135504,predict_proba,M,NS
42,unbalanced_training,31,37,0,0,1,0.0534992211269924,predict_proba,M,S
42,unbalanced_training,32,107,1,1,1,0.9727018705320872,predict_proba,M,S
42,unbalanced_training,33,171,1,1,1,0.9795272516153878,predict_proba,F,S
42,unbalanced_training,34,23,0,0,1,0.0287959583999822,predict_proba,M,S
42,unbalanced_training,35,140,1,1,1,0.946050414043206,predict_proba,M,NS
42,unbalanced_training,36,71,0,0,1,0.0133948268216419,predict_proba,M,NS
42,unbalanced_training,37,188,1,1,1,0.9799657218179286,predict_proba,F,S
42,unbalanced_training,38,84,0,0,1,0.0586427947338612,predict_proba,F,NS
42,training_only_oversampled,0,87,0,0,1,0.0643071585629338,predict_proba,M,NS
42,training_only_oversampled,1,136,1,1,1,0.7534271989670361,predict_proba,M,S
42,training_only_oversampled,2,104,1,1,1,0.9898746951588868,predict_proba,F,NS
42,training_only_oversampled,3,132,1,1,1,0.9766583438875944,predict_proba,M,NS
42,training_only_oversampled,4,1,0,0,1,0.006756680555776,predict_proba,M,S
42,training_only_oversampled,5,91,0,0,1,0.0317348713726499,predict_proba,M,NS
42,training_only_oversampled,6,143,1,1,1,0.9928911112986164,predict_proba,F,S
42,training_only_oversampled,7,20,0,0,1,0.0206109994523407,predict_proba,M,S
42,training_only_oversampled,8,52,0,0,1,0.1246418758907696,predict_proba,F,S
42,training_only_oversampled,9,134,1,1,1,0.9799926993664364,predict_proba,M,NS
42,training_only_oversampled,10,161,1,1,1,0.9866570484201784,predict_proba,F,S
42,training_only_oversampled,11,180,1,1,1,0.985396897494958,predict_proba,M,NS
42,training_only_oversampled,12,106,1,1,1,0.9599866366646508,predict_proba,M,NS
42,training_only_oversampled,13,133,1,1,1,0.9826511429290612,predict_proba,F,S
42,training_only_oversampled,14,127,1,1,1,0.9097346950559184,predict_proba,M,NS
42,training_only_oversampled,15,74,0,0,1,0.007611515385199,predict_proba,M,S
42,training_only_oversampled,16,92,0,0,1,0.0050452443391357,predict_proba,M,NS
42,training_only_oversampled,17,60,0,0,1,0.0168049153941877,predict_proba,F,NS
42,training_only_oversampled,18,82,0,0,1,0.0054009355012869,predict_proba,M,NS
42,training_only_oversampled,19,2,0,0,1,0.1452681394625583,predict_proba,M,NS
42,training_only_oversampled,20,63,0,0,1,0.0197059642809,predict_proba,M,NS
42,training_only_oversampled,21,51,0,0,1,0.1142236268703348,predict_proba,M,NS
42,training_only_oversampled,22,111,1,1,1,0.978705964689224,predict_proba,M,NS
42,training_only_oversampled,23,29,0,0,1,0.0304266589346989,predict_proba,M,S
42,training_only_oversampled,24,172,1,1,1,0.9865237681159792,predict_proba,M,NS
42,training_only_oversampled,25,21,0,0,1,0.0075983831295338,predict_proba,M,NS
42,training_only_oversampled,26,190,1,1,1,0.9828740458283414,predict_proba,M,NS
42,training_only_oversampled,27,86,0,0,1,0.0407260957925512,predict_proba,F,NS
42,training_only_oversampled,28,122,1,1,1,0.9628814640953948,predict_proba,M,NS
42,training_only_oversampled,29,147,1,1,1,0.981022164471517,predict_proba,F,NS
42,training_only_oversampled,30,14,0,0,1,0.0186663472269769,predict_proba,M,NS
42,training_only_oversampled,31,37,0,0,1,0.0536332967486237,predict_proba,M,S
42,training_only_oversampled,32,107,1,1,1,0.9665690357172338,predict_proba,M,S
42,training_only_oversampled,33,171,1,1,1,0.9764248579276152,predict_proba,F,S
42,training_only_oversampled,34,23,0,0,1,0.0216534688641717,predict_proba,M,S
42,training_only_oversampled,35,140,1,1,1,0.9294242642224018,predict_proba,M,NS
42,training_only_oversampled,36,71,0,0,1,0.0167607911151688,predict_proba,M,NS
42,training_only_oversampled,37,188,1,1,1,0.9566103472590264,predict_proba,F,S
42,training_only_oversampled,38,84,0,0,1,0.0327736870512624,predict_proba,F,NS
47,unbalanced_training,0,129,1,1,1,0.5724725780409008,predict_proba,M,NS
47,unbalanced_training,1,190,1,1,1,0.9893321330751292,predict_proba,M,NS
47,unbalanced_training,2,93,0,0,1,0.0254400945494868,predict_proba,M,NS
47,unbalanced_training,3,189,1,1,1,0.955845204497976,predict_proba,M,NS
47,unbalanced_training,4,107,1,1,1,0.9589484028352488,predict_proba,M,S
47,unbalanced_training,5,55,0,0,1,0.1252426992223567,predict_proba,M,S
47,unbalanced_training,6,158,1,1,1,0.9933016991658068,predict_proba,M,NS
47,unbalanced_training,7,80,0,0,1,0.0217070014938598,predict_proba,F,S
47,unbalanced_training,8,97,0,0,1,0.0557660222314564,predict_proba,F,S
47,unbalanced_training,9,122,1,1,1,0.9761231154218888,predict_proba,M,NS
47,unbalanced_training,10,153,1,1,1,0.9731212803056388,predict_proba,M,S
47,unbalanced_training,11,157,1,1,1,0.8620793660640679,predict_proba,M,NS
47,unbalanced_training,12,119,1,1,1,0.9932638408193304,predict_proba,M,NS
47,unbalanced_training,13,45,0,1,0,0.670407844915982,predict_proba,M,S
47,unbalanced_training,14,185,1,1,1,0.9832160467100014,predict_proba,M,S
47,unbalanced_training,15,95,0,0,1,0.0719503292098794,predict_proba,M,NS
47,unbalanced_training,16,65,0,0,1,0.013245913749732,predict_proba,M,NS
47,unbalanced_training,17,51,0,0,1,0.1032917396086929,predict_proba,M,NS
47,unbalanced_training,18,50,0,0,1,0.0758104833117042,predict_proba,M,S
47,unbalanced_training,19,84,0,0,1,0.0357507876959566,predict_proba,F,NS
47,unbalanced_training,20,72,0,0,1,0.1758896363964254,predict_proba,F,S
47,unbalanced_training,21,59,0,0,1,0.0103594825308718,predict_proba,M,NS
47,unbalanced_training,22,108,1,1,1,0.9599528084167956,predict_proba,M,S
47,unbalanced_training,23,52,0,0,1,0.1036992520624159,predict_proba,F,S
47,unbalanced_training,24,114,1,1,1,0.9930303077634032,predict_proba,M,NS
47,unbalanced_training,25,23,0,0,1,0.0217535905938438,predict_proba,M,S
47,unbalanced_training,26,6,0,0,1,0.2266755968053514,predict_proba,F,S
47,unbalanced_training,27,160,1,1,1,0.9504928267763092,predict_proba,M,S
47,unbalanced_training,28,71,0,0,1,0.0068266414576606,predict_proba,M,NS
47,unbalanced_training,29,41,0,0,1,0.0368619401477967,predict_proba,M,S
47,unbalanced_training,30,149,1,1,1,0.955908765182837,predict_proba,M,NS
47,unbalanced_training,31,99,0,0,1,0.0267164011189742,predict_proba,F,S
47,unbalanced_training,32,192,1,1,1,0.943427535890616,predict_proba,M,S
47,unbalanced_training,33,182,1,1,1,0.709092956617492,predict_proba,M,NS
47,unbalanced_training,34,143,1,1,1,0.9932450886080372,predict_proba,F,S
47,unbalanced_training,35,172,1,1,1,0.9793268103850136,predict_proba,M,NS
47,unbalanced_training,36,7,0,0,1,0.1175832418997306,predict_proba,F,NS
47,unbalanced_training,37,134,1,1,1,0.9899918117041584,predict_proba,M,NS
47,unbalanced_training,38,8,0,0,1,0.0173971947784601,predict_proba,M,S
47,training_only_oversampled,0,129,1,1,1,0.516015605839442,predict_proba,M,NS
47,training_only_oversampled,1,190,1,1,1,0.982076680686484,predict_proba,M,NS
47,training_only_oversampled,2,93,0,0,1,0.0046600529322376,predict_proba,M,NS
47,training_only_oversampled,3,189,1,1,1,0.9556984447892346,predict_proba,M,NS
47,training_only_oversampled,4,107,1,1,1,0.9201756997534296,predict_proba,M,S
47,training_only_oversampled,5,55,0,0,1,0.1320287626418631,predict_proba,M,S
47,training_only_oversampled,6,158,1,1,1,0.9799675235987748,predict_proba,M,NS
47,training_only_oversampled,7,80,0,0,1,0.0117449099002854,predict_proba,F,S
47,training_only_oversampled,8,97,0,0,1,0.0291140050998704,predict_proba,F,S
47,training_only_oversampled,9,122,1,1,1,0.966317359618762,predict_proba,M,NS
47,training_only_oversampled,10,153,1,1,1,0.9365149662393047,predict_proba,M,S
47,training_only_oversampled,11,157,1,1,1,0.8634597091195876,predict_proba,M,NS
47,training_only_oversampled,12,119,1,1,1,0.989960464517732,predict_proba,M,NS
47,training_only_oversampled,13,45,0,1,0,0.7000905264729386,predict_proba,M,S
47,training_only_oversampled,14,185,1,1,1,0.942210221505504,predict_proba,M,S
47,training_only_oversampled,15,95,0,0,1,0.0384105178704683,predict_proba,M,NS
47,training_only_oversampled,16,65,0,0,1,0.005005362045036,predict_proba,M,NS
47,training_only_oversampled,17,51,0,0,1,0.0699577885573826,predict_proba,M,NS
47,training_only_oversampled,18,50,0,0,1,0.0975542810390597,predict_proba,M,S
47,training_only_oversampled,19,84,0,0,1,0.012232499513718,predict_proba,F,NS
47,training_only_oversampled,20,72,0,0,1,0.0166739672437669,predict_proba,F,S
47,training_only_oversampled,21,59,0,0,1,0.0034941669199975,predict_proba,M,NS
47,training_only_oversampled,22,108,1,1,1,0.9166537734612992,predict_proba,M,S
47,training_only_oversampled,23,52,0,0,1,0.0643715511027061,predict_proba,F,S
47,training_only_oversampled,24,114,1,1,1,0.9858038656651904,predict_proba,M,NS
47,training_only_oversampled,25,23,0,0,1,0.0141172627351656,predict_proba,M,S
47,training_only_oversampled,26,6,0,0,1,0.192895521683453,predict_proba,F,S
47,training_only_oversampled,27,160,1,1,1,0.9478417503279076,predict_proba,M,S
47,training_only_oversampled,28,71,0,0,1,0.0034986806870369,predict_proba,M,NS
47,training_only_oversampled,29,41,0,0,1,0.0471690610348542,predict_proba,M,S
47,training_only_oversampled,30,149,1,1,1,0.9186547411591937,predict_proba,M,NS
47,training_only_oversampled,31,99,0,0,1,0.0201314939155721,predict_proba,F,S
47,training_only_oversampled,32,192,1,1,1,0.9199283694317558,predict_proba,M,S
47,training_only_oversampled,33,182,1,1,1,0.8477579790228367,predict_proba,M,NS
47,training_only_oversampled,34,143,1,1,1,0.9865064557496188,predict_proba,F,S
47,training_only_oversampled,35,172,1,1,1,0.989318968134274,predict_proba,M,NS
47,training_only_oversampled,36,7,0,0,1,0.1059342156270299,predict_proba,F,NS
47,training_only_oversampled,37,134,1,1,1,0.9899923131636068,predict_proba,M,NS
47,training_only_oversampled,38,8,0,0,1,0.02081531384609,predict_proba,M,S
53,unbalanced_training,0,29,0,0,1,0.0305677720201035,predict_proba,M,S
53,unbalanced_training,1,25,0,0,1,0.0008441387131309,predict_proba,M,NS
53,unbalanced_training,2,9,0,0,1,0.0007082969551752,predict_proba,F,NS
53,unbalanced_training,3,89,0,0,1,0.000221102957773,predict_proba,M,S
53,unbalanced_training,4,151,1,1,1,0.8136533885386058,predict_proba,M,NS
53,unbalanced_training,5,88,0,0,1,0.0009418857164867,predict_proba,M,NS
53,unbalanced_training,6,164,1,1,1,0.5945107717922481,predict_proba,M,S
53,unbalanced_training,7,27,0,0,1,0.0007827845052069,predict_proba,M,S
53,unbalanced_training,8,22,0,0,1,0.0568601248794478,predict_proba,M,S
53,unbalanced_training,9,165,1,1,1,0.9754839969154908,predict_proba,M,S
53,unbalanced_training,10,63,0,0,1,0.0070981808820954,predict_proba,M,NS
53,unbalanced_training,11,176,1,1,1,0.9864342568032604,predict_proba,M,S
53,unbalanced_training,12,129,1,0,0,0.1764645237609539,predict_proba,M,NS
53,unbalanced_training,13,35,0,0,1,0.1193301027817719,predict_proba,M,S
53,unbalanced_training,14,182,1,1,1,0.8554634084512878,predict_proba,M,NS
53,unbalanced_training,15,48,0,0,1,0.0441416120951956,predict_proba,M,NS
53,unbalanced_training,16,12,0,0,1,0.0439040850789531,predict_proba,F,NS
53,unbalanced_training,17,173,1,1,1,0.7842119011758623,predict_proba,F,NS
53,unbalanced_training,18,91,0,0,1,0.0127639326958514,predict_proba,M,NS
53,unbalanced_training,19,137,1,1,1,0.8800102877720152,predict_proba,F,S
53,unbalanced_training,20,192,1,1,1,0.9203214608191512,predict_proba,M,S
53,unbalanced_training,21,38,0,0,1,0.139276371597063,predict_proba,M,S
53,unbalanced_training,22,158,1,1,1,0.9899893722236636,predict_proba,M,NS
53,unbalanced_training,23,37,0,0,1,0.0501427850311105,predict_proba,M,S
53,unbalanced_training,24,61,0,0,1,0.0101244026714779,predict_proba,F,S
53,unbalanced_training,25,175,1,1,1,0.9999347066082466,predict_proba,M,S
53,unbalanced_training,26,149,1,1,1,0.9442602679612184,predict_proba,M,NS
53,unbalanced_training,27,18,0,0,1,0.0373402994587342,predict_proba,M,NS
53,unbalanced_training,28,125,1,1,1,0.7575144414078245,predict_proba,F,S
53,unbalanced_training,29,115,1,1,1,0.9169521743086522,predict_proba,M,NS
53,unbalanced_training,30,69,0,0,1,0.0016154392778405,predict_proba,M,NS
53,unbalanced_training,31,84,0,0,1,0.0283007163528362,predict_proba,F,NS
53,unbalanced_training,32,105,1,1,1,0.959941353046354,predict_proba,F,S
53,unbalanced_training,33,167,1,1,1,0.9790443938352612,predict_proba,F,S
53,unbalanced_training,34,75,0,0,1,0.0037311434940812,predict_proba,M,S
53,unbalanced_training,35,102,1,1,1,0.9829096853968948,predict_proba,F,S
53,unbalanced_training,36,58,0,0,1,0.0046817807338879,predict_proba,M,S
53,unbalanced_training,37,188,1,1,1,0.9729511525126664,predict_proba,F,S
53,unbalanced_training,38,138,1,0,0,0.2159268048488547,predict_proba,M,S
53,training_only_oversampled,0,29,0,0,1,0.0270280804614463,predict_proba,M,S
53,training_only_oversampled,1,25,0,0,1,0.0102906097142556,predict_proba,M,NS
53,training_only_oversampled,2,9,0,0,1,0.0074631948373418,predict_proba,F,NS
53,training_only_oversampled,3,89,0,0,1,0.0035202939935275,predict_proba,M,S
53,training_only_oversampled,4,151,1,1,1,0.837174641590268,predict_proba,M,NS
53,training_only_oversampled,5,88,0,0,1,0.0008056262900323,predict_proba,M,NS
53,training_only_oversampled,6,164,1,1,1,0.8882708121424248,predict_proba,M,S
53,training_only_oversampled,7,27,0,0,1,0.0002751230871514,predict_proba,M,S
53,training_only_oversampled,8,22,0,0,1,0.0171646945998584,predict_proba,M,S
53,training_only_oversampled,9,165,1,1,1,0.9468563317259296,predict_proba,M,S
53,training_only_oversampled,10,63,0,0,1,0.001409200371774,predict_proba,M,NS
53,training_only_oversampled,11,176,1,1,1,0.972582376181388,predict_proba,M,S
53,training_only_oversampled,12,129,1,0,0,0.4614350374252793,predict_proba,M,NS
53,training_only_oversampled,13,35,0,0,1,0.1019909390204079,predict_proba,M,S
53,training_only_oversampled,14,182,1,1,1,0.5448534146249343,predict_proba,M,NS
53,training_only_oversampled,15,48,0,0,1,0.0165424834448268,predict_proba,M,NS
53,training_only_oversampled,16,12,0,0,1,0.0446196928047667,predict_proba,F,NS
53,training_only_oversampled,17,173,1,1,1,0.7728570240084524,predict_proba,F,NS
53,training_only_oversampled,18,91,0,0,1,0.0218407440199135,predict_proba,M,NS
53,training_only_oversampled,19,137,1,1,1,0.7847408835505716,predict_proba,F,S
53,training_only_oversampled,20,192,1,1,1,0.6326066826393839,predict_proba,M,S
53,training_only_oversampled,21,38,0,0,1,0.0917698843662487,predict_proba,M,S
53,training_only_oversampled,22,158,1,1,1,0.9833219278301112,predict_proba,M,NS
53,training_only_oversampled,23,37,0,0,1,0.0634406473172378,predict_proba,M,S
53,training_only_oversampled,24,61,0,0,1,0.0100499451876791,predict_proba,F,S
53,training_only_oversampled,25,175,1,1,1,0.9932429922916944,predict_proba,M,S
53,training_only_oversampled,26,149,1,1,1,0.6255600076773581,predict_proba,M,NS
53,training_only_oversampled,27,18,0,0,1,0.0146021990070099,predict_proba,M,NS
53,training_only_oversampled,28,125,1,1,1,0.7365578454090626,predict_proba,F,S
53,training_only_oversampled,29,115,1,1,1,0.6297737532135234,predict_proba,M,NS
53,training_only_oversampled,30,69,0,0,1,0.0038797667453229,predict_proba,M,NS
53,training_only_oversampled,31,84,0,0,1,0.0174972749870604,predict_proba,F,NS
53,training_only_oversampled,32,105,1,1,1,0.9603875486662358,predict_proba,F,S
53,training_only_oversampled,33,167,1,1,1,0.948747626625834,predict_proba,F,S
53,training_only_oversampled,34,75,0,0,1,0.0002881743055684,predict_proba,M,S
53,training_only_oversampled,35,102,1,1,1,0.9859362812511212,predict_proba,F,S
53,training_only_oversampled,36,58,0,0,1,0.0011755264681773,predict_proba,M,S
53,training_only_oversampled,37,188,1,1,1,0.9628830757403312,predict_proba,F,S
53,training_only_oversampled,38,138,1,1,1,0.5043212923104298,predict_proba,M,S
59,unbalanced_training,0,77,0,0,1,0.0371629847244792,predict_proba,M,S
59,unbalanced_training,1,66,0,0,1,0.0345201292967388,predict_proba,F,S
59,unbalanced_training,2,118,1,1,1,0.8537388738251176,predict_proba,F,S
59,unbalanced_training,3,20,0,0,1,0.0079176276221807,predict_proba,M,S
59,unbalanced_training,4,83,0,0,1,0.0801552746619001,predict_proba,M,NS
59,unbalanced_training,5,102,1,1,1,0.9831190660147034,predict_proba,F,S
59,unbalanced_training,6,124,1,1,1,0.9598167576780432,predict_proba,F,S
59,unbalanced_training,7,125,1,1,1,0.8511624294999506,predict_proba,F,S
59,unbalanced_training,8,73,0,0,1,0.0038271170643501,predict_proba,M,S
59,unbalanced_training,9,141,1,1,1,0.8842429203128512,predict_proba,F,S
59,unbalanced_training,10,75,0,0,1,0.0073712315677048,predict_proba,M,S
59,unbalanced_training,11,160,1,1,1,0.9680663308997614,predict_proba,M,S
59,unbalanced_training,12,50,0,0,1,0.0638594541477321,predict_proba,M,S
59,unbalanced_training,13,183,1,1,1,0.9699855747049314,predict_proba,M,NS
59,unbalanced_training,14,53,0,0,1,0.0405465606707696,predict_proba,M,S
59,unbalanced_training,15,103,1,1,1,0.9488531579673718,predict_proba,M,NS
59,unbalanced_training,16,0,0,0,1,0.0310764585349813,predict_proba,M,S
59,unbalanced_training,17,147,1,1,1,0.988707307238256,predict_proba,F,NS
59,unbalanced_training,18,112,1,1,1,0.9962033078447492,predict_proba,M,S
59,unbalanced_training,19,162,1,1,1,0.9930932922403904,predict_proba,M,NS
59,unbalanced_training,20,143,1,1,1,0.9995496269568664,predict_proba,F,S
59,unbalanced_training,21,128,1,1,1,0.8709829142928737,predict_proba,F,S
59,unbalanced_training,22,67,0,0,1,0.0002860641847934,predict_proba,F,S
59,unbalanced_training,23,179,1,1,1,0.9765598312542414,predict_proba,F,S
59,unbalanced_training,24,154,1,1,1,0.9739194102472304,predict_proba,F,NS
59,unbalanced_training,25,177,1,1,1,0.9454766052194642,predict_proba,F,S
59,unbalanced_training,26,57,0,0,1,0.0097391027079643,predict_proba,M,NS
59,unbalanced_training,27,49,0,0,1,0.4447158998352855,predict_proba,M,S
59,unbalanced_training,28,188,1,1,1,0.9799716271413552,predict_proba,F,S
59,unbalanced_training,29,23,0,0,1,0.0335998676682285,predict_proba,M,S
59,unbalanced_training,30,48,0,0,1,0.0347792952833899,predict_proba,M,NS
59,unbalanced_training,31,64,0,0,1,0.0044122958110864,predict_proba,M,NS
59,unbalanced_training,32,68,0,0,1,0.0507992242585246,predict_proba,M,NS
59,unbalanced_training,33,45,0,1,0,0.5870462099942387,predict_proba,M,S
59,unbalanced_training,34,184,1,1,1,0.9931334513405876,predict_proba,M,S
59,unbalanced_training,35,79,0,0,1,0.1250880030398411,predict_proba,F,NS
59,unbalanced_training,36,33,0,0,1,0.0036959510132994,predict_proba,M,S
59,unbalanced_training,37,186,1,1,1,0.9624873375124542,predict_proba,M,S
59,unbalanced_training,38,44,0,1,0,0.8847105205289781,predict_proba,M,S
59,training_only_oversampled,0,77,0,0,1,0.0336112469535738,predict_proba,M,S
59,training_only_oversampled,1,66,0,0,1,0.0273270499070197,predict_proba,F,S
59,training_only_oversampled,2,118,1,1,1,0.7851877956987634,predict_proba,F,S
59,training_only_oversampled,3,20,0,0,1,0.0066305424966602,predict_proba,M,S
59,training_only_oversampled,4,83,0,0,1,0.034597530465668,predict_proba,M,NS
59,training_only_oversampled,5,102,1,1,1,0.9832687393928948,predict_proba,F,S
59,training_only_oversampled,6,124,1,1,1,0.9563995837956476,predict_proba,F,S
59,training_only_oversampled,7,125,1,1,1,0.8270701008934084,predict_proba,F,S
59,training_only_oversampled,8,73,0,0,1,0.0068608521000457,predict_proba,M,S
59,training_only_oversampled,9,141,1,1,1,0.8553528059527,predict_proba,F,S
59,training_only_oversampled,10,75,0,0,1,0.0006147326665287,predict_proba,M,S
59,training_only_oversampled,11,160,1,1,1,0.9639873035763102,predict_proba,M,S
59,training_only_oversampled,12,50,0,0,1,0.054883913576774,predict_proba,M,S
59,training_only_oversampled,13,183,1,1,1,0.9766374257249364,predict_proba,M,NS
59,training_only_oversampled,14,53,0,0,1,0.0435794243294575,predict_proba,M,S
59,training_only_oversampled,15,103,1,1,1,0.955574079065396,predict_proba,M,NS
59,training_only_oversampled,16,0,0,0,1,0.0246134939034077,predict_proba,M,S
59,training_only_oversampled,17,147,1,1,1,0.9859945116144164,predict_proba,F,NS
59,training_only_oversampled,18,112,1,1,1,0.9929962920010832,predict_proba,M,S
59,training_only_oversampled,19,162,1,1,1,0.9866461627335332,predict_proba,M,NS
59,training_only_oversampled,20,143,1,1,1,0.9993504904870676,predict_proba,F,S
59,training_only_oversampled,21,128,1,1,1,0.8122380223752055,predict_proba,F,S
59,training_only_oversampled,22,67,0,0,1,0.0004326717724698,predict_proba,F,S
59,training_only_oversampled,23,179,1,1,1,0.9766152630997464,predict_proba,F,S
59,training_only_oversampled,24,154,1,1,1,0.9464921215173008,predict_proba,F,NS
59,training_only_oversampled,25,177,1,1,1,0.9492437113639588,predict_proba,F,S
59,training_only_oversampled,26,57,0,0,1,0.0093981783831443,predict_proba,M,NS
59,training_only_oversampled,27,49,0,0,1,0.422435831787619,predict_proba,M,S
59,training_only_oversampled,28,188,1,1,1,0.97996849129926,predict_proba,F,S
59,training_only_oversampled,29,23,0,0,1,0.0187844528710746,predict_proba,M,S
59,training_only_oversampled,30,48,0,0,1,0.0315297212218056,predict_proba,M,NS
59,training_only_oversampled,31,64,0,0,1,0.0034168881019683,predict_proba,M,NS
59,training_only_oversampled,32,68,0,0,1,0.0615104110412061,predict_proba,M,NS
59,training_only_oversampled,33,45,0,1,0,0.526369016516234,predict_proba,M,S
59,training_only_oversampled,34,184,1,1,1,0.9898678123667056,predict_proba,M,S
59,training_only_oversampled,35,79,0,0,1,0.0852763368819062,predict_proba,F,NS
59,training_only_oversampled,36,33,0,0,1,0.007065722378161,predict_proba,M,S
59,training_only_oversampled,37,186,1,1,1,0.9495654478765828,predict_proba,M,S
59,training_only_oversampled,38,44,0,1,0,0.9017109762585852,predict_proba,M,S
71,unbalanced_training,0,0,0,0,1,0.0306704375004923,predict_proba,M,S
71,unbalanced_training,1,30,0,0,1,0.0005254257902199,predict_proba,F,NS
71,unbalanced_training,2,9,0,0,1,0.0095427324039074,predict_proba,F,NS
71,unbalanced_training,3,175,1,1,1,0.989957171575563,predict_proba,M,S
71,unbalanced_training,4,180,1,1,1,0.649143122604808,predict_proba,M,NS
71,unbalanced_training,5,12,0,0,1,0.0726523647792226,predict_proba,F,NS
71,unbalanced_training,6,80,0,0,1,0.0333416669204111,predict_proba,F,S
71,unbalanced_training,7,124,1,1,1,0.963220367441049,predict_proba,F,S
71,unbalanced_training,8,143,1,1,1,0.9999230720061346,predict_proba,F,S
71,unbalanced_training,9,55,0,0,1,0.0953991105898496,predict_proba,M,S
71,unbalanced_training,10,139,1,1,1,0.9634374818853072,predict_proba,M,S
71,unbalanced_training,11,190,1,1,1,0.9997916441461,predict_proba,M,NS
71,unbalanced_training,12,147,1,1,1,0.987313834019464,predict_proba,F,NS
71,unbalanced_training,13,96,0,0,1,0.0455111513735899,predict_proba,M,S
71,unbalanced_training,14,48,0,0,1,0.0460897029341248,predict_proba,M,NS
71,unbalanced_training,15,109,1,1,1,0.9423000279766696,predict_proba,F,S
71,unbalanced_training,16,11,0,0,1,0.0088811262260399,predict_proba,F,S
71,unbalanced_training,17,33,0,0,1,0.0037592750138304,predict_proba,M,S
71,unbalanced_training,18,100,1,1,1,0.9704968832020464,predict_proba,M,S
71,unbalanced_training,19,158,1,1,1,0.976656461896928,predict_proba,M,NS
71,unbalanced_training,20,27,0,0,1,0.0041805273030768,predict_proba,M,S
71,unbalanced_training,21,13,0,0,1,0.0239090718018712,predict_proba,F,NS
71,unbalanced_training,22,127,1,1,1,0.8930858191751824,predict_proba,M,NS
71,unbalanced_training,23,95,0,0,1,0.0985510533768579,predict_proba,M,NS
71,unbalanced_training,24,142,1,1,1,0.9932241363768246,predict_proba,F,S
71,unbalanced_training,25,160,1,1,1,0.9322066079799416,predict_proba,M,S
71,unbalanced_training,26,117,1,1,1,0.8892835897254261,predict_proba,F,S
71,unbalanced_training,27,121,1,1,1,0.9898581702308072,predict_proba,M,NS
71,unbalanced_training,28,51,0,0,1,0.1597963326930712,predict_proba,M,NS
71,unbalanced_training,29,119,1,1,1,0.9966334640489048,predict_proba,M,NS
71,unbalanced_training,30,8,0,0,1,0.013626994727356,predict_proba,M,S
71,unbalanced_training,31,45,0,1,0,0.5783371914518277,predict_proba,M,S
71,unbalanced_training,32,151,1,1,1,0.8707860636027912,predict_proba,M,NS
71,unbalanced_training,33,18,0,0,1,0.0319092594763712,predict_proba,M,NS
71,unbalanced_training,34,40,0,0,1,0.4701379801745924,predict_proba,M,S
71,unbalanced_training,35,38,0,0,1,0.1260577430740386,predict_proba,M,S
71,unbalanced_training,36,115,1,1,1,0.9497026891183796,predict_proba,M,NS
71,unbalanced_training,37,172,1,1,1,0.989786871551566,predict_proba,M,NS
71,unbalanced_training,38,81,0,0,1,0.1336976415749178,predict_proba,M,NS
71,training_only_oversampled,0,0,0,0,1,0.0203336669790068,predict_proba,M,S
71,training_only_oversampled,1,30,0,0,1,0.0071545089373839,predict_proba,F,NS
71,training_only_oversampled,2,9,0,0,1,0.0116496029018945,predict_proba,F,NS
71,training_only_oversampled,3,175,1,1,1,0.9866236200313372,predict_proba,M,S
71,training_only_oversampled,4,180,1,1,1,0.959078914134696,predict_proba,M,NS
71,training_only_oversampled,5,12,0,0,1,0.1137687305310365,predict_proba,F,NS
71,training_only_oversampled,6,80,0,0,1,0.0176722341561208,predict_proba,F,S
71,training_only_oversampled,7,124,1,1,1,0.9398751018747862,predict_proba,F,S
71,training_only_oversampled,8,143,1,1,1,0.9965213863640217,predict_proba,F,S
71,training_only_oversampled,9,55,0,0,1,0.1223859110379476,predict_proba,M,S
71,training_only_oversampled,10,139,1,1,1,0.9599872603522568,predict_proba,M,S
71,training_only_oversampled,11,190,1,1,1,0.9863714419657088,predict_proba,M,NS
71,training_only_oversampled,12,147,1,1,1,0.9617644799692524,predict_proba,F,NS
71,training_only_oversampled,13,96,0,0,1,0.0531011041177751,predict_proba,M,S
71,training_only_oversampled,14,48,0,0,1,0.0630699829098817,predict_proba,M,NS
71,training_only_oversampled,15,109,1,1,1,0.9025769911576726,predict_proba,F,S
71,training_only_oversampled,16,11,0,0,1,0.0120916081215891,predict_proba,F,S
71,training_only_oversampled,17,33,0,0,1,0.0004678716345501,predict_proba,M,S
71,training_only_oversampled,18,100,1,1,1,0.9714036347028412,predict_proba,M,S
71,training_only_oversampled,19,158,1,1,1,0.9866538756176452,predict_proba,M,NS
71,training_only_oversampled,20,27,0,0,1,0.0275039010700068,predict_proba,M,S
71,training_only_oversampled,21,13,0,0,1,0.0035963483919313,predict_proba,F,NS
71,training_only_oversampled,22,127,1,1,1,0.8431773222976275,predict_proba,M,NS
71,training_only_oversampled,23,95,0,0,1,0.1565341124083245,predict_proba,M,NS
71,training_only_oversampled,24,142,1,1,1,0.993216821047395,predict_proba,F,S
71,training_only_oversampled,25,160,1,1,1,0.9268769297300332,predict_proba,M,S
71,training_only_oversampled,26,117,1,1,1,0.8558120174484168,predict_proba,F,S
71,training_only_oversampled,27,121,1,1,1,0.9764877481911988,predict_proba,M,NS
71,training_only_oversampled,28,51,0,0,1,0.1709060888768242,predict_proba,M,NS
71,training_only_oversampled,29,119,1,1,1,0.9799470461841696,predict_proba,M,NS
71,training_only_oversampled,30,8,0,0,1,0.0436189131725044,predict_proba,M,S
71,training_only_oversampled,31,45,0,1,0,0.6574847220315556,predict_proba,M,S
71,training_only_oversampled,32,151,1,1,1,0.8823744134523475,predict_proba,M,NS
71,training_only_oversampled,33,18,0,0,1,0.0296807171479086,predict_proba,M,NS
71,training_only_oversampled,34,40,0,0,1,0.0738795358894909,predict_proba,M,S
71,training_only_oversampled,35,38,0,0,1,0.0686855568960738,predict_proba,M,S
71,training_only_oversampled,36,115,1,1,1,0.9219367653242002,predict_proba,M,NS
71,training_only_oversampled,37,172,1,1,1,0.996495013024858,predict_proba,M,NS
71,training_only_oversampled,38,81,0,0,1,0.1505708520662833,predict_proba,M,NS
83,unbalanced_training,0,82,0,0,1,0.0051140343847538,predict_proba,M,NS
83,unbalanced_training,1,186,1,1,1,0.9253488709957904,predict_proba,M,S
83,unbalanced_training,2,89,0,0,1,0.0068407075197575,predict_proba,M,S
83,unbalanced_training,3,96,0,0,1,0.0645417357089122,predict_proba,M,S
83,unbalanced_training,4,16,0,0,1,0.0070920816072646,predict_proba,M,S
83,unbalanced_training,5,185,1,1,1,0.9766232248489676,predict_proba,M,S
83,unbalanced_training,6,98,0,0,1,0.009167386766103,predict_proba,F,S
83,unbalanced_training,7,36,0,0,1,0.0446834200996112,predict_proba,M,NS
83,unbalanced_training,8,108,1,1,1,0.9566093969341608,predict_proba,M,S
83,unbalanced_training,9,103,1,1,1,0.6515193176980217,predict_proba,M,NS
83,unbalanced_training,10,184,1,1,1,0.9797101003829006,predict_proba,M,S
83,unbalanced_training,11,15,0,0,1,0.0046437443721923,predict_proba,M,NS
83,unbalanced_training,12,18,0,0,1,0.3722938238174877,predict_proba,M,NS
83,unbalanced_training,13,187,1,1,1,0.9899910537623264,predict_proba,M,S
83,unbalanced_training,14,165,1,1,1,0.9824431316768651,predict_proba,M,S
83,unbalanced_training,15,170,1,1,1,0.9213770384240192,predict_proba,M,NS
83,unbalanced_training,16,39,0,0,1,0.0601609672896672,predict_proba,M,S
83,unbalanced_training,17,64,0,0,1,0.0186333959173484,predict_proba,M,NS
83,unbalanced_training,18,40,0,0,1,0.0869516341739155,predict_proba,M,S
83,unbalanced_training,19,4,0,0,1,0.0579069787725971,predict_proba,M,NS
83,unbalanced_training,20,8,0,0,1,0.0104267149729566,predict_proba,M,S
83,unbalanced_training,21,157,1,1,1,0.8019086759434223,predict_proba,M,NS
83,unbalanced_training,22,190,1,1,1,0.9997594733866514,predict_proba,M,NS
83,unbalanced_training,23,119,1,1,1,0.9966323264939728,predict_proba,M,NS
83,unbalanced_training,24,148,1,1,1,0.9799772642803002,predict_proba,M,S
83,unbalanced_training,25,3,0,0,1,0.0037016326707267,predict_proba,F,NS
83,unbalanced_training,26,115,1,1,1,0.641511443543528,predict_proba,M,NS
83,unbalanced_training,27,22,0,0,1,0.0585064528666863,predict_proba,M,S
83,unbalanced_training,28,0,0,0,1,0.0242622500218574,predict_proba,M,S
83,unbalanced_training,29,53,0,0,1,0.0641229281507095,predict_proba,M,S
83,unbalanced_training,30,173,1,1,1,0.899784786646825,predict_proba,F,NS
83,unbalanced_training,31,166,1,1,1,0.9986070318856024,predict_proba,M,S
83,unbalanced_training,32,60,0,0,1,0.0255164350979951,predict_proba,F,NS
83,unbalanced_training,33,147,1,1,1,0.9814364247773668,predict_proba,F,NS
83,unbalanced_training,34,23,0,0,1,0.0294617729437476,predict_proba,M,S
83,unbalanced_training,35,105,1,1,1,0.9725131261919232,predict_proba,F,S
83,unbalanced_training,36,180,1,1,1,0.9789298358445,predict_proba,M,NS
83,unbalanced_training,37,176,1,1,1,0.9997788249790384,predict_proba,M,S
83,unbalanced_training,38,78,0,0,1,0.0335506309235771,predict_proba,M,S
83,training_only_oversampled,0,82,0,0,1,0.0049508937476176,predict_proba,M,NS
83,training_only_oversampled,1,186,1,1,1,0.8750397349395499,predict_proba,M,S
83,training_only_oversampled,2,89,0,0,1,0.0034628982494937,predict_proba,M,S
83,training_only_oversampled,3,96,0,0,1,0.0377595744118424,predict_proba,M,S
83,training_only_oversampled,4,16,0,0,1,0.0155578636689505,predict_proba,M,S
83,training_only_oversampled,5,185,1,1,1,0.9632992942779812,predict_proba,M,S
83,training_only_oversampled,6,98,0,0,1,0.0092758287011283,predict_proba,F,S
83,training_only_oversampled,7,36,0,0,1,0.0076136835945545,predict_proba,M,NS
83,training_only_oversampled,8,108,1,1,1,0.5913251198170598,predict_proba,M,S
83,training_only_oversampled,9,103,1,1,1,0.6386757601725691,predict_proba,M,NS
83,training_only_oversampled,10,184,1,1,1,0.949667110241256,predict_proba,M,S
83,training_only_oversampled,11,15,0,0,1,0.0040080911437504,predict_proba,M,NS
83,training_only_oversampled,12,18,0,0,1,0.0459440958308841,predict_proba,M,NS
83,training_only_oversampled,13,187,1,1,1,0.9866578950744784,predict_proba,M,S
83,training_only_oversampled,14,165,1,1,1,0.9751438048891954,predict_proba,M,S
83,training_only_oversampled,15,170,1,1,1,0.878661608060059,predict_proba,M,NS
83,training_only_oversampled,16,39,0,0,1,0.0525666926423885,predict_proba,M,S
83,training_only_oversampled,17,64,0,0,1,0.2798679477203938,predict_proba,M,NS
83,training_only_oversampled,18,40,0,0,1,0.0992398426290437,predict_proba,M,S
83,training_only_oversampled,19,4,0,0,1,0.0449729357955794,predict_proba,M,NS
83,training_only_oversampled,20,8,0,0,1,0.0203828067139748,predict_proba,M,S
83,training_only_oversampled,21,157,1,1,1,0.7116957007483276,predict_proba,M,NS
83,training_only_oversampled,22,190,1,1,1,0.9929297362350747,predict_proba,M,NS
83,training_only_oversampled,23,119,1,1,1,0.9866276801203148,predict_proba,M,NS
83,training_only_oversampled,24,148,1,1,1,0.9966328808532606,predict_proba,M,S
83,training_only_oversampled,25,3,0,0,1,0.0036649701200209,predict_proba,F,NS
83,training_only_oversampled,26,115,1,1,1,0.5391363064074833,predict_proba,M,NS
83,training_only_oversampled,27,22,0,0,1,0.0495643421288704,predict_proba,M,S
83,training_only_oversampled,28,0,0,0,1,0.0208117857417804,predict_proba,M,S
83,training_only_oversampled,29,53,0,0,1,0.037524246195885,predict_proba,M,S
83,training_only_oversampled,30,173,1,1,1,0.9193709280464916,predict_proba,F,NS
83,training_only_oversampled,31,166,1,1,1,0.9936642923639128,predict_proba,M,S
83,training_only_oversampled,32,60,0,0,1,0.029374718448424,predict_proba,F,NS
83,training_only_oversampled,33,147,1,1,1,0.9786901510743614,predict_proba,F,NS
83,training_only_oversampled,34,23,0,0,1,0.0326853915529333,predict_proba,M,S
83,training_only_oversampled,35,105,1,1,1,0.8820087011934996,predict_proba,F,S
83,training_only_oversampled,36,180,1,1,1,0.968933272901718,predict_proba,M,NS
83,training_only_oversampled,37,176,1,1,1,0.9965325694699008,predict_proba,M,S
83,training_only_oversampled,38,78,0,0,1,0.0402553611600067,predict_proba,M,S
97,unbalanced_training,0,161,1,1,1,0.9933221783491004,predict_proba,F,S
97,unbalanced_training,1,104,1,1,1,0.9898904182155144,predict_proba,F,NS
97,unbalanced_training,2,98,0,0,1,0.0171143163585913,predict_proba,F,S
97,unbalanced_training,3,185,1,1,1,0.9699232769353386,predict_proba,M,S
97,unbalanced_training,4,77,0,0,1,0.0369827076127019,predict_proba,M,S
97,unbalanced_training,5,86,0,0,1,0.0366263722358025,predict_proba,F,NS
97,unbalanced_training,6,82,0,0,1,0.0086269930101953,predict_proba,M,NS
97,unbalanced_training,7,35,0,0,1,0.1290434997863389,predict_proba,M,S
97,unbalanced_training,8,101,1,1,1,0.9865997515343896,predict_proba,F,S
97,unbalanced_training,9,14,0,0,1,0.0116082237357585,predict_proba,M,NS
97,unbalanced_training,10,182,1,1,1,0.854110549313129,predict_proba,M,NS
97,unbalanced_training,11,88,0,0,1,0.0013684978090904,predict_proba,M,NS
97,unbalanced_training,12,186,1,1,1,0.9324111225784816,predict_proba,M,S
97,unbalanced_training,13,4,0,0,1,0.0531307127769688,predict_proba,M,NS
97,unbalanced_training,14,123,1,1,1,0.9171370512938948,predict_proba,M,NS
97,unbalanced_training,15,20,0,0,1,0.0155512715876162,predict_proba,M,S
97,unbalanced_training,16,115,1,1,1,0.9234612088032093,predict_proba,M,NS
97,unbalanced_training,17,84,0,0,1,0.0301803357321261,predict_proba,F,NS
97,unbalanced_training,18,114,1,1,1,0.993180061302987,predict_proba,M,NS
97,unbalanced_training,19,29,0,0,1,0.0305866250650136,predict_proba,M,S
97,unbalanced_training,20,91,0,0,1,0.0194722380369019,predict_proba,M,NS
97,unbalanced_training,21,129,1,1,1,0.5057594594422806,predict_proba,M,NS
97,unbalanced_training,22,97,0,0,1,0.0580185248160506,predict_proba,F,S
97,unbalanced_training,23,140,1,1,1,0.9591414093536166,predict_proba,M,NS
97,unbalanced_training,24,28,0,0,1,0.0037866082780897,predict_proba,M,S
97,unbalanced_training,25,143,1,1,1,0.9865144982737728,predict_proba,F,S
97,unbalanced_training,26,162,1,1,1,0.9833211999674368,predict_proba,M,NS
97,unbalanced_training,27,139,1,1,1,0.9738474962971518,predict_proba,M,S
97,unbalanced_training,28,51,0,0,1,0.0785983938790843,predict_proba,M,NS
97,unbalanced_training,29,111,1,1,1,0.9983261246349476,predict_proba,M,NS
97,unbalanced_training,30,53,0,0,1,0.0340090732467891,predict_proba,M,S
97,unbalanced_training,31,71,0,0,1,0.0067681561849892,predict_proba,M,NS
97,unbalanced_training,32,90,0,0,1,0.0694981159117498,predict_proba,M,NS
97,unbalanced_training,33,191,1,1,1,0.9766590975528248,predict_proba,M,S
97,unbalanced_training,34,69,0,0,1,0.0036418979308691,predict_proba,M,NS
97,unbalanced_training,35,117,1,1,1,0.8898862612139756,predict_proba,F,S
97,unbalanced_training,36,118,1,1,1,0.8252921381366539,predict_proba,F,S
97,unbalanced_training,37,16,0,0,1,0.0204498160148137,predict_proba,M,S
97,unbalanced_training,38,109,1,1,1,0.9529895950287296,predict_proba,F,S
97,training_only_oversampled,0,161,1,1,1,0.979990522133435,predict_proba,F,S
97,training_only_oversampled,1,104,1,1,1,0.7768875785341139,predict_proba,F,NS
97,training_only_oversampled,2,98,0,0,1,0.0063221051423763,predict_proba,F,S
97,training_only_oversampled,3,185,1,1,1,0.953080022310438,predict_proba,M,S
97,training_only_oversampled,4,77,0,0,1,0.050307320564326,predict_proba,M,S
97,training_only_oversampled,5,86,0,0,1,0.0116611413648295,predict_proba,F,NS
97,training_only_oversampled,6,82,0,0,1,0.0025997999573294,predict_proba,M,NS
97,training_only_oversampled,7,35,0,0,1,0.082156627993182,predict_proba,M,S
97,training_only_oversampled,8,101,1,1,1,0.9732985119450436,predict_proba,F,S
97,training_only_oversampled,9,14,0,0,1,0.0125359461899987,predict_proba,M,NS
97,training_only_oversampled,10,182,1,1,1,0.8732927978047701,predict_proba,M,NS
97,training_only_oversampled,11,88,0,0,1,0.0013135338802597,predict_proba,M,NS
97,training_only_oversampled,12,186,1,1,1,0.7065258046937876,predict_proba,M,S
97,training_only_oversampled,13,4,0,0,1,0.0677185542188085,predict_proba,M,NS
97,training_only_oversampled,14,123,1,1,1,0.5798696042366649,predict_proba,M,NS
97,training_only_oversampled,15,20,0,0,1,0.0113005733530543,predict_proba,M,S
97,training_only_oversampled,16,115,1,1,1,0.9298842772679766,predict_proba,M,NS
97,training_only_oversampled,17,84,0,0,1,0.0236801466849402,predict_proba,F,NS
97,training_only_oversampled,18,114,1,1,1,0.996540855060128,predict_proba,M,NS
97,training_only_oversampled,19,29,0,0,1,0.0206669805234959,predict_proba,M,S
97,training_only_oversampled,20,91,0,0,1,0.0069254184146364,predict_proba,M,NS
97,training_only_oversampled,21,129,1,0,0,0.1272764000683329,predict_proba,M,NS
97,training_only_oversampled,22,97,0,0,1,0.0489368670966253,predict_proba,F,S
97,training_only_oversampled,23,140,1,1,1,0.9371035629281576,predict_proba,M,NS
97,training_only_oversampled,24,28,0,0,1,0.0002288988461994,predict_proba,M,S
97,training_only_oversampled,25,143,1,1,1,0.9930298347696068,predict_proba,F,S
97,training_only_oversampled,26,162,1,1,1,0.9933255953654728,predict_proba,M,NS
97,training_only_oversampled,27,139,1,1,1,0.7583521797165308,predict_proba,M,S
97,training_only_oversampled,28,51,0,0,1,0.0698484963769179,predict_proba,M,NS
97,training_only_oversampled,29,111,1,1,1,0.9917395746164982,predict_proba,M,NS
97,training_only_oversampled,30,53,0,0,1,0.0502506177928663,predict_proba,M,S
97,training_only_oversampled,31,71,0,0,1,0.006769307547226,predict_proba,M,NS
97,training_only_oversampled,32,90,0,0,1,0.3623189112300524,predict_proba,M,NS
97,training_only_oversampled,33,191,1,1,1,0.9733260327562332,predict_proba,M,S
97,training_only_oversampled,34,69,0,0,1,0.0034903043210339,predict_proba,M,NS
97,training_only_oversampled,35,117,1,1,1,0.8935946799281168,predict_proba,F,S
97,training_only_oversampled,36,118,1,0,0,0.4008155361728007,predict_proba,F,S
97,training_only_oversampled,37,16,0,0,1,0.0047063586533745,predict_proba,M,S
97,training_only_oversampled,38,109,1,1,1,0.5921762801457328,predict_proba,F,S
101,unbalanced_training,0,177,1,1,1,0.9496641561410428,predict_proba,F,S
101,unbalanced_training,1,77,0,0,1,0.0338089834635725,predict_proba,M,S
101,unbalanced_training,2,182,1,1,1,0.8589376531168754,predict_proba,M,NS
101,unbalanced_training,3,149,1,1,1,0.9598720281855592,predict_proba,M,NS
101,unbalanced_training,4,127,1,1,1,0.9229640015547652,predict_proba,M,NS
101,unbalanced_training,5,90,0,0,1,0.0894373913983119,predict_proba,M,NS
101,unbalanced_training,6,103,1,1,1,0.9632300887035647,predict_proba,M,NS
101,unbalanced_training,7,4,0,0,1,0.034850058214351,predict_proba,M,NS
101,unbalanced_training,8,181,1,1,1,0.9866590425382044,predict_proba,M,NS
101,unbalanced_training,9,146,1,1,1,0.9896260861568682,predict_proba,F,S
101,unbalanced_training,10,105,1,1,1,0.975771787701491,predict_proba,F,S
101,unbalanced_training,11,175,1,1,1,0.9899510554113572,predict_proba,M,S
101,unbalanced_training,12,40,0,0,1,0.0870901360342932,predict_proba,M,S
101,unbalanced_training,13,121,1,1,1,0.9898310976784074,predict_proba,M,NS
101,unbalanced_training,14,12,0,0,1,0.1023008758306255,predict_proba,F,NS
101,unbalanced_training,15,5,0,0,1,0.048090314188894,predict_proba,F,NS
101,unbalanced_training,16,120,1,1,1,0.7017314311136801,predict_proba,F,S
101,unbalanced_training,17,8,0,0,1,0.0003795588605388,predict_proba,M,S
101,unbalanced_training,18,81,0,0,1,0.1015577162200654,predict_proba,M,NS
101,unbalanced_training,19,163,1,1,1,0.9993356063793652,predict_proba,M,NS
101,unbalanced_training,20,188,1,1,1,0.9699451816815068,predict_proba,F,S
101,unbalanced_training,21,157,1,1,1,0.8790706535799228,predict_proba,M,NS
101,unbalanced_training,22,87,0,0,1,0.0270219553798722,predict_proba,M,NS
101,unbalanced_training,23,64,0,0,1,0.0033418050050001,predict_proba,M,NS
101,unbalanced_training,24,94,0,0,1,0.0313327641162537,predict_proba,M,NS
101,unbalanced_training,25,185,1,1,1,0.9932940568192722,predict_proba,M,S
101,unbalanced_training,26,9,0,0,1,0.0047450884503659,predict_proba,F,NS
101,unbalanced_training,27,99,0,0,1,0.016690541538228,predict_proba,F,S
101,unbalanced_training,28,49,0,0,1,0.3070102206409422,predict_proba,M,S
101,unbalanced_training,29,70,0,0,1,0.0008693899193918,predict_proba,M,NS
101,unbalanced_training,30,11,0,0,1,0.018722350981911,predict_proba,F,S
101,unbalanced_training,31,123,1,1,1,0.9506137106519236,predict_proba,M,NS
101,unbalanced_training,32,63,0,0,1,0.0101008028061552,predict_proba,M,NS
101,unbalanced_training,33,60,0,0,1,0.0100496449083571,predict_proba,F,NS
101,unbalanced_training,34,75,0,0,1,0.010597096006001,predict_proba,M,S
101,unbalanced_training,35,171,1,1,1,0.9932813052080146,predict_proba,F,S
101,unbalanced_training,36,189,1,1,1,0.9765080192831028,predict_proba,M,NS
101,unbalanced_training,37,95,0,0,1,0.0687009566126862,predict_proba,M,NS
101,unbalanced_training,38,129,1,1,1,0.5310448348807904,predict_proba,M,NS
101,training_only_oversampled,0,177,1,1,1,0.9195047450377049,predict_proba,F,S
101,training_only_oversampled,1,77,0,0,1,0.0203689723745015,predict_proba,M,S
101,training_only_oversampled,2,182,1,1,1,0.7970096600431272,predict_proba,M,NS
101,training_only_oversampled,3,149,1,1,1,0.9587095001623516,predict_proba,M,NS
101,training_only_oversampled,4,127,1,1,1,0.9030903855810444,predict_proba,M,NS
101,training_only_oversampled,5,90,0,0,1,0.0994689961423804,predict_proba,M,NS
101,training_only_oversampled,6,103,1,1,1,0.9496970899027708,predict_proba,M,NS
101,training_only_oversampled,7,4,0,0,1,0.033776587232849,predict_proba,M,NS
101,training_only_oversampled,8,181,1,1,1,0.9866593579934368,predict_proba,M,NS
101,training_only_oversampled,9,146,1,1,1,0.993307851491898,predict_proba,F,S
101,training_only_oversampled,10,105,1,1,1,0.9593470728051682,predict_proba,F,S
101,training_only_oversampled,11,175,1,1,1,0.9899209801149432,predict_proba,M,S
101,training_only_oversampled,12,40,0,0,1,0.0434194845821441,predict_proba,M,S
101,training_only_oversampled,13,121,1,1,1,0.9898906452294252,predict_proba,M,NS
101,training_only_oversampled,14,12,0,0,1,0.0557731489659358,predict_proba,F,NS
101,training_only_oversampled,15,5,0,0,1,0.0514805147819061,predict_proba,F,NS
101,training_only_oversampled,16,120,1,1,1,0.6467701941495978,predict_proba,F,S
101,training_only_oversampled,17,8,0,0,1,0.0102395619455105,predict_proba,M,S
101,training_only_oversampled,18,81,0,0,1,0.1337137093805227,predict_proba,M,NS
101,training_only_oversampled,19,163,1,1,1,0.9859294834446848,predict_proba,M,NS
101,training_only_oversampled,20,188,1,1,1,0.9532400503804972,predict_proba,F,S
101,training_only_oversampled,21,157,1,1,1,0.8390073197444287,predict_proba,M,NS
101,training_only_oversampled,22,87,0,0,1,0.0428520286745423,predict_proba,M,NS
101,training_only_oversampled,23,64,0,0,1,7.712103163928634e-06,predict_proba,M,NS
101,training_only_oversampled,24,94,0,0,1,0.0213608160901638,predict_proba,M,NS
101,training_only_oversampled,25,185,1,1,1,0.9432131015214784,predict_proba,M,S
101,training_only_oversampled,26,9,0,0,1,0.0015886138785464,predict_proba,F,NS
101,training_only_oversampled,27,99,0,0,1,0.0233646970033268,predict_proba,F,S
101,training_only_oversampled,28,49,0,0,1,0.1689638090173887,predict_proba,M,S
101,training_only_oversampled,29,70,0,0,1,0.007302676390481,predict_proba,M,NS
101,training_only_oversampled,30,11,0,0,1,0.0048717391487732,predict_proba,F,S
101,training_only_oversampled,31,123,1,1,1,0.6550473818617412,predict_proba,M,NS
101,training_only_oversampled,32,63,0,0,1,0.0154916492384712,predict_proba,M,NS
101,training_only_oversampled,33,60,0,0,1,0.0133391163797676,predict_proba,F,NS
101,training_only_oversampled,34,75,0,0,1,0.0138806631676185,predict_proba,M,S
101,training_only_oversampled,35,171,1,1,1,0.9932228389264204,predict_proba,F,S
101,training_only_oversampled,36,189,1,1,1,0.9631031919943872,predict_proba,M,NS
101,training_only_oversampled,37,95,0,0,1,0.0480385978096888,predict_proba,M,NS
101,training_only_oversampled,38,129,1,1,1,0.5008240974154506,predict_proba,M,NS
113,unbalanced_training,0,189,1,1,1,0.9596952412212438,predict_proba,M,NS
113,unbalanced_training,1,34,0,0,1,0.0053644224045836,predict_proba,M,S
113,unbalanced_training,2,90,0,0,1,0.0765853001864266,predict_proba,M,NS
113,unbalanced_training,3,154,1,1,1,0.627824430513931,predict_proba,F,NS
113,unbalanced_training,4,4,0,0,1,0.0308676762528804,predict_proba,M,NS
113,unbalanced_training,5,47,0,0,1,0.0297134613345653,predict_proba,M,NS
113,unbalanced_training,6,161,1,1,1,0.9766153004904936,predict_proba,F,S
113,unbalanced_training,7,74,0,0,1,0.0606513420865755,predict_proba,M,S
113,unbalanced_training,8,186,1,1,1,0.8921535069743047,predict_proba,M,S
113,unbalanced_training,9,180,1,1,1,0.6318483401437066,predict_proba,M,NS
113,unbalanced_training,10,110,1,1,1,0.884228386198485,predict_proba,M,NS
113,unbalanced_training,11,185,1,1,1,0.9599378166411068,predict_proba,M,S
113,unbalanced_training,12,5,0,0,1,0.0326484228677741,predict_proba,F,NS
113,unbalanced_training,13,11,0,0,1,0.0183748418905525,predict_proba,F,S
113,unbalanced_training,14,23,0,0,1,0.0137647351672801,predict_proba,M,S
113,unbalanced_training,15,151,1,1,1,0.8194336875744236,predict_proba,M,NS
113,unbalanced_training,16,100,1,1,1,0.9798713078194092,predict_proba,M,S
113,unbalanced_training,17,2,0,0,1,0.1344407637897538,predict_proba,M,NS
113,unbalanced_training,18,147,1,1,1,0.9860045486770675,predict_proba,F,NS
113,unbalanced_training,19,136,1,1,1,0.7536237846606175,predict_proba,M,S
113,unbalanced_training,20,137,1,1,1,0.8717109930669581,predict_proba,F,S
113,unbalanced_training,21,153,1,1,1,0.9630616339608028,predict_proba,M,S
113,unbalanced_training,22,102,1,1,1,0.9896902154993475,predict_proba,F,S
113,unbalanced_training,23,7,0,0,1,0.0912877928486632,predict_proba,F,NS
113,unbalanced_training,24,37,0,0,1,0.0502823081679175,predict_proba,M,S
113,unbalanced_training,25,59,0,0,1,0.0105983744281186,predict_proba,M,NS
113,unbalanced_training,26,190,1,1,1,0.9965473661894716,predict_proba,M,NS
113,unbalanced_training,27,46,0,0,1,0.1276538401267708,predict_proba,F,NS
113,unbalanced_training,28,16,0,0,1,0.0114898096393553,predict_proba,M,S
113,unbalanced_training,29,22,0,0,1,0.0583140933003807,predict_proba,M,S
113,unbalanced_training,30,173,1,1,1,0.8526481076296978,predict_proba,F,NS
113,unbalanced_training,31,175,1,1,1,0.9999693431186752,predict_proba,M,S
113,unbalanced_training,32,179,1,1,1,0.9643978480463036,predict_proba,F,S
113,unbalanced_training,33,25,0,0,1,0.0062077928029875,predict_proba,M,NS
113,unbalanced_training,34,176,1,1,1,0.996396312558265,predict_proba,M,S
113,unbalanced_training,35,91,0,0,1,0.0311728442177164,predict_proba,M,NS
113,unbalanced_training,36,92,0,0,1,0.00516346834757,predict_proba,M,NS
113,unbalanced_training,37,69,0,0,1,0.0017160369471558,predict_proba,M,NS
113,unbalanced_training,38,89,0,0,1,0.0037531291992168,predict_proba,M,S
113,training_only_oversampled,0,189,1,1,1,0.9694845139511216,predict_proba,M,NS
113,training_only_oversampled,1,34,0,0,1,0.0042045974496188,predict_proba,M,S
113,training_only_oversampled,2,90,0,0,1,0.0323636756783811,predict_proba,M,NS
113,training_only_oversampled,3,154,1,1,1,0.6638734025178897,predict_proba,F,NS
113,training_only_oversampled,4,4,0,0,1,0.0044873223613383,predict_proba,M,NS
113,training_only_oversampled,5,47,0,0,1,0.0174247667440118,predict_proba,M,NS
113,training_only_oversampled,6,161,1,1,1,0.9766010557110142,predict_proba,F,S
113,training_only_oversampled,7,74,0,0,1,0.0472475641988827,predict_proba,M,S
113,training_only_oversampled,8,186,1,1,1,0.896089905091127,predict_proba,M,S
113,training_only_oversampled,9,180,1,1,1,0.9321102521691008,predict_proba,M,NS
113,training_only_oversampled,10,110,1,1,1,0.8601591522697939,predict_proba,M,NS
113,training_only_oversampled,11,185,1,1,1,0.9731527199869366,predict_proba,M,S
113,training_only_oversampled,12,5,0,0,1,0.0287996775608671,predict_proba,F,NS
113,training_only_oversampled,13,11,0,0,1,0.0052890300576307,predict_proba,F,S
113,training_only_oversampled,14,23,0,0,1,0.0282617526244431,predict_proba,M,S
113,training_only_oversampled,15,151,1,1,1,0.8250533733362482,predict_proba,M,NS
113,training_only_oversampled,16,100,1,1,1,0.924875590928291,predict_proba,M,S
113,training_only_oversampled,17,2,0,0,1,0.0812995284518182,predict_proba,M,NS
113,training_only_oversampled,18,147,1,1,1,0.9896527786783336,predict_proba,F,NS
113,training_only_oversampled,19,136,1,1,1,0.6494087225154668,predict_proba,M,S
113,training_only_oversampled,20,137,1,1,1,0.7825024783475731,predict_proba,F,S
113,training_only_oversampled,21,153,1,1,1,0.9621096626787988,predict_proba,M,S
113,training_only_oversampled,22,102,1,1,1,0.9532021584896126,predict_proba,F,S
113,training_only_oversampled,23,7,0,0,1,0.0813723399607357,predict_proba,F,NS
113,training_only_oversampled,24,37,0,0,1,0.057003437473647,predict_proba,M,S
113,training_only_oversampled,25,59,0,0,1,0.0035739306356409,predict_proba,M,NS
113,training_only_oversampled,26,190,1,1,1,0.9730474734671744,predict_proba,M,NS
113,training_only_oversampled,27,46,0,0,1,0.1480907564419856,predict_proba,F,NS
113,training_only_oversampled,28,16,0,0,1,0.0121716534557857,predict_proba,M,S
113,training_only_oversampled,29,22,0,0,1,0.0374514855836772,predict_proba,M,S
113,training_only_oversampled,30,173,1,1,1,0.7838642168269949,predict_proba,F,NS
113,training_only_oversampled,31,175,1,1,1,0.979951500035675,predict_proba,M,S
113,training_only_oversampled,32,179,1,1,1,0.9565988790953556,predict_proba,F,S
113,training_only_oversampled,33,25,0,0,1,0.0039556066936888,predict_proba,M,NS
113,training_only_oversampled,34,176,1,1,1,0.9730127094912264,predict_proba,M,S
113,training_only_oversampled,35,91,0,0,1,0.0255667907273606,predict_proba,M,NS
113,training_only_oversampled,36,92,0,0,1,0.0020665118945203,predict_proba,M,NS
113,training_only_oversampled,37,69,0,0,1,0.0037411346020522,predict_proba,M,NS
113,training_only_oversampled,38,89,0,0,1,0.0070791310402428,predict_proba,M,S
127,unbalanced_training,0,18,0,0,1,0.0185891981396988,predict_proba,M,NS
127,unbalanced_training,1,39,0,0,1,0.0727900788318282,predict_proba,M,S
127,unbalanced_training,2,171,1,1,1,0.9898819282965676,predict_proba,F,S
127,unbalanced_training,3,9,0,0,1,0.0116946654981252,predict_proba,F,NS
127,unbalanced_training,4,120,1,1,1,0.6272371237612178,predict_proba,F,S
127,unbalanced_training,5,57,0,0,1,0.0027087836152106,predict_proba,M,NS
127,unbalanced_training,6,104,1,1,1,0.9898624167058404,predict_proba,F,NS
127,unbalanced_training,7,14,0,0,1,0.0099380976980248,predict_proba,M,NS
127,unbalanced_training,8,166,1,1,1,0.9987958059939174,predict_proba,M,S
127,unbalanced_training,9,73,0,0,1,0.0035290635322732,predict_proba,M,S
127,unbalanced_training,10,27,0,0,1,0.0037768759559223,predict_proba,M,S
127,unbalanced_training,11,160,1,1,1,0.9536939721336825,predict_proba,M,S
127,unbalanced_training,12,141,1,1,1,0.7899247448114087,predict_proba,F,S
127,unbalanced_training,13,19,0,0,1,0.003699535594991,predict_proba,M,NS
127,unbalanced_training,14,182,1,1,1,0.8195919759354231,predict_proba,M,NS
127,unbalanced_training,15,170,1,1,1,0.9376700244519084,predict_proba,M,NS
127,unbalanced_training,16,190,1,1,1,0.9895857643863196,predict_proba,M,NS
127,unbalanced_training,17,92,0,0,1,0.0009161155990399,predict_proba,M,NS
127,unbalanced_training,18,118,1,1,1,0.7700979144921041,predict_proba,F,S
127,unbalanced_training,19,177,1,1,1,0.9297414984298878,predict_proba,F,S
127,unbalanced_training,20,60,0,0,1,0.0150533370928512,predict_proba,F,NS
127,unbalanced_training,21,67,0,0,1,0.0001237939881318,predict_proba,F,S
127,unbalanced_training,22,49,0,0,1,0.0806311086221067,predict_proba,M,S
127,unbalanced_training,23,138,1,0,0,0.1972885910891773,predict_proba,M,S
127,unbalanced_training,24,181,1,1,1,0.9899924198377464,predict_proba,M,NS
127,unbalanced_training,25,148,1,1,1,0.9833235124578192,predict_proba,M,S
127,unbalanced_training,26,29,0,0,1,0.0301954064445837,predict_proba,M,S
127,unbalanced_training,27,164,1,1,1,0.8858994310499524,predict_proba,M,S
127,unbalanced_training,28,58,0,0,1,0.0043073291521188,predict_proba,M,S
127,unbalanced_training,29,36,0,0,1,0.0341437670103935,predict_proba,M,NS
127,unbalanced_training,30,97,0,0,1,0.0636026107815176,predict_proba,F,S
127,unbalanced_training,31,105,1,1,1,0.985026821737797,predict_proba,F,S
127,unbalanced_training,32,142,1,1,1,0.9896322809565126,predict_proba,F,S
127,unbalanced_training,33,114,1,1,1,0.9932533409428924,predict_proba,M,NS
127,unbalanced_training,34,55,0,0,1,0.1246353092438742,predict_proba,M,S
127,unbalanced_training,35,56,0,0,1,0.0436991459600409,predict_proba,M,NS
127,unbalanced_training,36,185,1,1,1,0.9866159559073018,predict_proba,M,S
127,unbalanced_training,37,23,0,0,1,0.0284198476815844,predict_proba,M,S
127,unbalanced_training,38,50,0,0,1,0.0429758716787986,predict_proba,M,S
127,training_only_oversampled,0,18,0,0,1,0.0256276146984004,predict_proba,M,NS
127,training_only_oversampled,1,39,0,0,1,0.0534921824852244,predict_proba,M,S
127,training_only_oversampled,2,171,1,1,1,0.9993523890596432,predict_proba,F,S
127,training_only_oversampled,3,9,0,0,1,0.0186632861265424,predict_proba,F,NS
127,training_only_oversampled,4,120,1,1,1,0.5210481000072642,predict_proba,F,S
127,training_only_oversampled,5,57,0,0,1,0.0097727571028642,predict_proba,M,NS
127,training_only_oversampled,6,104,1,1,1,0.986585331214335,predict_proba,F,NS
127,training_only_oversampled,7,14,0,0,1,0.0015252008527484,predict_proba,M,NS
127,training_only_oversampled,8,166,1,1,1,0.9922943926163018,predict_proba,M,S
127,training_only_oversampled,9,73,0,0,1,0.00353944078405,predict_proba,M,S
127,training_only_oversampled,10,27,0,0,1,0.0002246305778109,predict_proba,M,S
127,training_only_oversampled,11,160,1,1,1,0.96635320003581,predict_proba,M,S
127,training_only_oversampled,12,141,1,0,0,0.4608010248788096,predict_proba,F,S
127,training_only_oversampled,13,19,0,0,1,0.0104259318557351,predict_proba,M,NS
127,training_only_oversampled,14,182,1,1,1,0.8079858090187441,predict_proba,M,NS
127,training_only_oversampled,15,170,1,1,1,0.9024742522397244,predict_proba,M,NS
127,training_only_oversampled,16,190,1,1,1,0.995450133625669,predict_proba,M,NS
127,training_only_oversampled,17,92,0,0,1,0.001221834223473,predict_proba,M,NS
127,training_only_oversampled,18,118,1,1,1,0.7840962312646352,predict_proba,F,S
127,training_only_oversampled,19,177,1,1,1,0.9452098080897604,predict_proba,F,S
127,training_only_oversampled,20,60,0,0,1,0.0149615559572927,predict_proba,F,NS
127,training_only_oversampled,21,67,0,0,1,0.0001707018444754,predict_proba,F,S
127,training_only_oversampled,22,49,0,0,1,0.1262074756084635,predict_proba,M,S
127,training_only_oversampled,23,138,1,0,0,0.4682133397743298,predict_proba,M,S
127,training_only_oversampled,24,181,1,1,1,0.9833258515870564,predict_proba,M,NS
127,training_only_oversampled,25,148,1,1,1,0.973323549179702,predict_proba,M,S
127,training_only_oversampled,26,29,0,0,1,0.0101397456082057,predict_proba,M,S
127,training_only_oversampled,27,164,1,1,1,0.8679024964986236,predict_proba,M,S
127,training_only_oversampled,28,58,0,0,1,0.0010228414838287,predict_proba,M,S
127,training_only_oversampled,29,36,0,0,1,0.0106877169029867,predict_proba,M,NS
127,training_only_oversampled,30,97,0,0,1,0.0377771593191727,predict_proba,F,S
127,training_only_oversampled,31,105,1,1,1,0.9779535216176648,predict_proba,F,S
127,training_only_oversampled,32,142,1,1,1,0.9896403717408884,predict_proba,F,S
127,training_only_oversampled,33,114,1,1,1,0.9865742959409636,predict_proba,M,NS
127,training_only_oversampled,34,55,0,0,1,0.0803297164873505,predict_proba,M,S
127,training_only_oversampled,35,56,0,0,1,0.0365452837979932,predict_proba,M,NS
127,training_only_oversampled,36,185,1,1,1,0.9532151287978832,predict_proba,M,S
127,training_only_oversampled,37,23,0,0,1,0.0180139081399921,predict_proba,M,S
127,training_only_oversampled,38,50,0,0,1,0.0324578813684096,predict_proba,M,S
