source_file,source_row,seed,condition,metric,value
outputs\revision_primary_metrics\repeated_leakage_safe_evaluation\repeated_seed_metrics.csv,0,42,unbalanced,accuracy,1.0
outputs\revision_primary_metrics\repeated_leakage_safe_evaluation\repeated_seed_metrics.csv,0,42,unbalanced,precision,1.0
outputs\revision_primary_metrics\repeated_leakage_safe_evaluation\repeated_seed_metrics.csv,0,42,unbalanced,recall_sensitivity,1.0
outputs\revision_primary_metrics\repeated_leakage_safe_evaluation\repeated_seed_metrics.csv,0,42,unbalanced,specificity,1.0
outputs\revision_primary_metrics\repeated_leakage_safe_evaluation\repeated_seed_metrics.csv,0,42,unbalanced,f1,1.0
outputs\revision_primary_metrics\repeated_leakage_safe_evaluation\repeated_seed_metrics.csv,0,42,unbalanced,roc_auc,1.0
outputs\revision_primary_metrics\repeated_leakage_safe_evaluation\repeated_seed_metrics.csv,1,42,oversampled,accuracy,1.0
outputs\revision_primary_metrics\repeated_leakage_safe_evaluation\repeated_seed_metrics.csv,1,42,oversampled,precision,1.0
outputs\revision_primary_metrics\repeated_leakage_safe_evaluation\repeated_seed_metrics.csv,1,42,oversampled,recall_sensitivity,1.0
outputs\revision_primary_metrics\repeated_leakage_safe_evaluation\repeated_seed_metrics.csv,1,42,oversampled,specificity,1.0
outputs\revision_primary_metrics\repeated_leakage_safe_evaluation\repeated_seed_metrics.csv,1,42,oversampled,f1,1.0
outputs\revision_primary_metrics\repeated_leakage_safe_evaluation\repeated_seed_metrics.csv,1,42,oversampled,roc_auc,1.0
outputs\revision_primary_metrics\repeated_leakage_safe_evaluation\repeated_seed_metrics.csv,2,47,unbalanced,accuracy,0.9743589743589745
outputs\revision_primary_metrics\repeated_leakage_safe_evaluation\repeated_seed_metrics.csv,2,47,unbalanced,precision,0.95
outputs\revision_primary_metrics\repeated_leakage_safe_evaluation\repeated_seed_metrics.csv,2,47,unbalanced,recall_sensitivity,1.0
outputs\revision_primary_metrics\repeated_leakage_safe_evaluation\repeated_seed_metrics.csv,2,47,unbalanced,specificity,0.95
outputs\revision_primary_metrics\repeated_leakage_safe_evaluation\repeated_seed_metrics.csv,2,47,unbalanced,f1,0.9743589743589745
outputs\revision_primary_metrics\repeated_leakage_safe_evaluation\repeated_seed_metrics.csv,2,47,unbalanced,roc_auc,0.9973684210526316
outputs\revision_primary_metrics\repeated_leakage_safe_evaluation\repeated_seed_metrics.csv,3,47,oversampled,accuracy,0.9743589743589745
outputs\revision_primary_metrics\repeated_leakage_safe_evaluation\repeated_seed_metrics.csv,3,47,oversampled,precision,0.95
outputs\revision_primary_metrics\repeated_leakage_safe_evaluation\repeated_seed_metrics.csv,3,47,oversampled,recall_sensitivity,1.0
outputs\revision_primary_metrics\repeated_leakage_safe_evaluation\repeated_seed_metrics.csv,3,47,oversampled,specificity,0.95
outputs\revision_primary_metrics\repeated_leakage_safe_evaluation\repeated_seed_metrics.csv,3,47,oversampled,f1,0.9743589743589745
outputs\revision_primary_metrics\repeated_leakage_safe_evaluation\repeated_seed_metrics.csv,3,47,oversampled,roc_auc,0.9973684210526316
outputs\revision_primary_metrics\repeated_leakage_safe_evaluation\repeated_seed_metrics.csv,4,53,unbalanced,accuracy,0.9487179487179488
outputs\revision_primary_metrics\repeated_leakage_safe_evaluation\repeated_seed_metrics.csv,4,53,unbalanced,precision,1.0
outputs\revision_primary_metrics\repeated_leakage_safe_evaluation\repeated_seed_metrics.csv,4,53,unbalanced,recall_sensitivity,0.8947368421052632
outputs\revision_primary_metrics\repeated_leakage_safe_evaluation\repeated_seed_metrics.csv,4,53,unbalanced,specificity,1.0
outputs\revision_primary_metrics\repeated_leakage_safe_evaluation\repeated_seed_metrics.csv,4,53,unbalanced,f1,0.9444444444444444
outputs\revision_primary_metrics\repeated_leakage_safe_evaluation\repeated_seed_metrics.csv,4,53,unbalanced,roc_auc,1.0
outputs\revision_primary_metrics\repeated_leakage_safe_evaluation\repeated_seed_metrics.csv,5,53,oversampled,accuracy,0.9743589743589745
outputs\revision_primary_metrics\repeated_leakage_safe_evaluation\repeated_seed_metrics.csv,5,53,oversampled,precision,1.0
outputs\revision_primary_metrics\repeated_leakage_safe_evaluation\repeated_seed_metrics.csv,5,53,oversampled,recall_sensitivity,0.9473684210526316
outputs\revision_primary_metrics\repeated_leakage_safe_evaluation\repeated_seed_metrics.csv,5,53,oversampled,specificity,1.0
outputs\revision_primary_metrics\repeated_leakage_safe_evaluation\repeated_seed_metrics.csv,5,53,oversampled,f1,0.972972972972973
outputs\revision_primary_metrics\repeated_leakage_safe_evaluation\repeated_seed_metrics.csv,5,53,oversampled,roc_auc,1.0
outputs\revision_primary_metrics\repeated_leakage_safe_evaluation\repeated_seed_metrics.csv,6,59,unbalanced,accuracy,0.9487179487179488
outputs\revision_primary_metrics\repeated_leakage_safe_evaluation\repeated_seed_metrics.csv,6,59,unbalanced,precision,0.9047619047619048
outputs\revision_primary_metrics\repeated_leakage_safe_evaluation\repeated_seed_metrics.csv,6,59,unbalanced,recall_sensitivity,1.0
outputs\revision_primary_metrics\repeated_leakage_safe_evaluation\repeated_seed_metrics.csv,6,59,unbalanced,specificity,0.9
outputs\revision_primary_metrics\repeated_leakage_safe_evaluation\repeated_seed_metrics.csv,6,59,unbalanced,f1,0.95
outputs\revision_primary_metrics\repeated_leakage_safe_evaluation\repeated_seed_metrics.csv,6,59,unbalanced,roc_auc,0.9894736842105264
outputs\revision_primary_metrics\repeated_leakage_safe_evaluation\repeated_seed_metrics.csv,7,59,oversampled,accuracy,0.9487179487179488
outputs\revision_primary_metrics\repeated_leakage_safe_evaluation\repeated_seed_metrics.csv,7,59,oversampled,precision,0.9047619047619048
outputs\revision_primary_metrics\repeated_leakage_safe_evaluation\repeated_seed_metrics.csv,7,59,oversampled,recall_sensitivity,1.0
outputs\revision_primary_metrics\repeated_leakage_safe_evaluation\repeated_seed_metrics.csv,7,59,oversampled,specificity,0.9
outputs\revision_primary_metrics\repeated_leakage_safe_evaluation\repeated_seed_metrics.csv,7,59,oversampled,f1,0.95
outputs\revision_primary_metrics\repeated_leakage_safe_evaluation\repeated_seed_metrics.csv,7,59,oversampled,roc_auc,0.9894736842105264
outputs\revision_primary_metrics\repeated_leakage_safe_evaluation\repeated_seed_metrics.csv,8,71,unbalanced,accuracy,0.9743589743589745
outputs\revision_primary_metrics\repeated_leakage_safe_evaluation\repeated_seed_metrics.csv,8,71,unbalanced,precision,0.95
outputs\revision_primary_metrics\repeated_leakage_safe_evaluation\repeated_seed_metrics.csv,8,71,unbalanced,recall_sensitivity,1.0
outputs\revision_primary_metrics\repeated_leakage_safe_evaluation\repeated_seed_metrics.csv,8,71,unbalanced,specificity,0.95
outputs\revision_primary_metrics\repeated_leakage_safe_evaluation\repeated_seed_metrics.csv,8,71,unbalanced,f1,0.9743589743589745
outputs\revision_primary_metrics\repeated_leakage_safe_evaluation\repeated_seed_metrics.csv,8,71,unbalanced,roc_auc,1.0
outputs\revision_primary_metrics\repeated_leakage_safe_evaluation\repeated_seed_metrics.csv,9,71,oversampled,accuracy,0.9743589743589745
outputs\revision_primary_metrics\repeated_leakage_safe_evaluation\repeated_seed_metrics.csv,9,71,oversampled,precision,0.95
outputs\revision_primary_metrics\repeated_leakage_safe_evaluation\repeated_seed_metrics.csv,9,71,oversampled,recall_sensitivity,1.0
outputs\revision_primary_metrics\repeated_leakage_safe_evaluation\repeated_seed_metrics.csv,9,71,oversampled,specificity,0.95
outputs\revision_primary_metrics\repeated_leakage_safe_evaluation\repeated_seed_metrics.csv,9,71,oversampled,f1,0.9743589743589745
outputs\revision_primary_metrics\repeated_leakage_safe_evaluation\repeated_seed_metrics.csv,9,71,oversampled,roc_auc,1.0
outputs\revision_primary_metrics\repeated_leakage_safe_evaluation\repeated_seed_metrics.csv,10,83,unbalanced,accuracy,1.0
outputs\revision_primary_metrics\repeated_leakage_safe_evaluation\repeated_seed_metrics.csv,10,83,unbalanced,precision,1.0
outputs\revision_primary_metrics\repeated_leakage_safe_evaluation\repeated_seed_metrics.csv,10,83,unbalanced,recall_sensitivity,1.0
outputs\revision_primary_metrics\repeated_leakage_safe_evaluation\repeated_seed_metrics.csv,10,83,unbalanced,specificity,1.0
outputs\revision_primary_metrics\repeated_leakage_safe_evaluation\repeated_seed_metrics.csv,10,83,unbalanced,f1,1.0
outputs\revision_primary_metrics\repeated_leakage_safe_evaluation\repeated_seed_metrics.csv,10,83,unbalanced,roc_auc,1.0
outputs\revision_primary_metrics\repeated_leakage_safe_evaluation\repeated_seed_metrics.csv,11,83,oversampled,accuracy,1.0
outputs\revision_primary_metrics\repeated_leakage_safe_evaluation\repeated_seed_metrics.csv,11,83,oversampled,precision,1.0
outputs\revision_primary_metrics\repeated_leakage_safe_evaluation\repeated_seed_metrics.csv,11,83,oversampled,recall_sensitivity,1.0
outputs\revision_primary_metrics\repeated_leakage_safe_evaluation\repeated_seed_metrics.csv,11,83,oversampled,specificity,1.0
outputs\revision_primary_metrics\repeated_leakage_safe_evaluation\repeated_seed_metrics.csv,11,83,oversampled,f1,1.0
outputs\revision_primary_metrics\repeated_leakage_safe_evaluation\repeated_seed_metrics.csv,11,83,oversampled,roc_auc,1.0
outputs\revision_primary_metrics\repeated_leakage_safe_evaluation\repeated_seed_metrics.csv,12,97,unbalanced,accuracy,1.0
outputs\revision_primary_metrics\repeated_leakage_safe_evaluation\repeated_seed_metrics.csv,12,97,unbalanced,precision,1.0
outputs\revision_primary_metrics\repeated_leakage_safe_evaluation\repeated_seed_metrics.csv,12,97,unbalanced,recall_sensitivity,1.0
outputs\revision_primary_metrics\repeated_leakage_safe_evaluation\repeated_seed_metrics.csv,12,97,unbalanced,specificity,1.0
outputs\revision_primary_metrics\repeated_leakage_safe_evaluation\repeated_seed_metrics.csv,12,97,unbalanced,f1,1.0
outputs\revision_primary_metrics\repeated_leakage_safe_evaluation\repeated_seed_metrics.csv,12,97,unbalanced,roc_auc,1.0
outputs\revision_primary_metrics\repeated_leakage_safe_evaluation\repeated_seed_metrics.csv,13,97,oversampled,accuracy,0.9487179487179488
outputs\revision_primary_metrics\repeated_leakage_safe_evaluation\repeated_seed_metrics.csv,13,97,oversampled,precision,1.0
outputs\revision_primary_metrics\repeated_leakage_safe_evaluation\repeated_seed_metrics.csv,13,97,oversampled,recall_sensitivity,0.8947368421052632
outputs\revision_primary_metrics\repeated_leakage_safe_evaluation\repeated_seed_metrics.csv,13,97,oversampled,specificity,1.0
outputs\revision_primary_metrics\repeated_leakage_safe_evaluation\repeated_seed_metrics.csv,13,97,oversampled,f1,0.9444444444444444
outputs\revision_primary_metrics\repeated_leakage_safe_evaluation\repeated_seed_metrics.csv,13,97,oversampled,roc_auc,0.9973684210526316
outputs\revision_primary_metrics\repeated_leakage_safe_evaluation\repeated_seed_metrics.csv,14,101,unbalanced,accuracy,1.0
outputs\revision_primary_metrics\repeated_leakage_safe_evaluation\repeated_seed_metrics.csv,14,101,unbalanced,precision,1.0
outputs\revision_primary_metrics\repeated_leakage_safe_evaluation\repeated_seed_metrics.csv,14,101,unbalanced,recall_sensitivity,1.0
outputs\revision_primary_metrics\repeated_leakage_safe_evaluation\repeated_seed_metrics.csv,14,101,unbalanced,specificity,1.0
outputs\revision_primary_metrics\repeated_leakage_safe_evaluation\repeated_seed_metrics.csv,14,101,unbalanced,f1,1.0
outputs\revision_primary_metrics\repeated_leakage_safe_evaluation\repeated_seed_metrics.csv,14,101,unbalanced,roc_auc,1.0
outputs\revision_primary_metrics\repeated_leakage_safe_evaluation\repeated_seed_metrics.csv,15,101,oversampled,accuracy,1.0
outputs\revision_primary_metrics\repeated_leakage_safe_evaluation\repeated_seed_metrics.csv,15,101,oversampled,precision,1.0
outputs\revision_primary_metrics\repeated_leakage_safe_evaluation\repeated_seed_metrics.csv,15,101,oversampled,recall_sensitivity,1.0
outputs\revision_primary_metrics\repeated_leakage_safe_evaluation\repeated_seed_metrics.csv,15,101,oversampled,specificity,1.0
outputs\revision_primary_metrics\repeated_leakage_safe_evaluation\repeated_seed_metrics.csv,15,101,oversampled,f1,1.0
outputs\revision_primary_metrics\repeated_leakage_safe_evaluation\repeated_seed_metrics.csv,15,101,oversampled,roc_auc,1.0
outputs\revision_primary_metrics\repeated_leakage_safe_evaluation\repeated_seed_metrics.csv,16,113,unbalanced,accuracy,1.0
outputs\revision_primary_metrics\repeated_leakage_safe_evaluation\repeated_seed_metrics.csv,16,113,unbalanced,precision,1.0
outputs\revision_primary_metrics\repeated_leakage_safe_evaluation\repeated_seed_metrics.csv,16,113,unbalanced,recall_sensitivity,1.0
outputs\revision_primary_metrics\repeated_leakage_safe_evaluation\repeated_seed_metrics.csv,16,113,unbalanced,specificity,1.0
outputs\revision_primary_metrics\repeated_leakage_safe_evaluation\repeated_seed_metrics.csv,16,113,unbalanced,f1,1.0
outputs\revision_primary_metrics\repeated_leakage_safe_evaluation\repeated_seed_metrics.csv,16,113,unbalanced,roc_auc,1.0
outputs\revision_primary_metrics\repeated_leakage_safe_evaluation\repeated_seed_metrics.csv,17,113,oversampled,accuracy,1.0
outputs\revision_primary_metrics\repeated_leakage_safe_evaluation\repeated_seed_metrics.csv,17,113,oversampled,precision,1.0
outputs\revision_primary_metrics\repeated_leakage_safe_evaluation\repeated_seed_metrics.csv,17,113,oversampled,recall_sensitivity,1.0
outputs\revision_primary_metrics\repeated_leakage_safe_evaluation\repeated_seed_metrics.csv,17,113,oversampled,specificity,1.0
outputs\revision_primary_metrics\repeated_leakage_safe_evaluation\repeated_seed_metrics.csv,17,113,oversampled,f1,1.0
outputs\revision_primary_metrics\repeated_leakage_safe_evaluation\repeated_seed_metrics.csv,17,113,oversampled,roc_auc,1.0
outputs\revision_primary_metrics\repeated_leakage_safe_evaluation\repeated_seed_metrics.csv,18,127,unbalanced,accuracy,0.9743589743589745
outputs\revision_primary_metrics\repeated_leakage_safe_evaluation\repeated_seed_metrics.csv,18,127,unbalanced,precision,1.0
outputs\revision_primary_metrics\repeated_leakage_safe_evaluation\repeated_seed_metrics.csv,18,127,unbalanced,recall_sensitivity,0.9473684210526316
outputs\revision_primary_metrics\repeated_leakage_safe_evaluation\repeated_seed_metrics.csv,18,127,unbalanced,specificity,1.0
outputs\revision_primary_metrics\repeated_leakage_safe_evaluation\repeated_seed_metrics.csv,18,127,unbalanced,f1,0.972972972972973
outputs\revision_primary_metrics\repeated_leakage_safe_evaluation\repeated_seed_metrics.csv,18,127,unbalanced,roc_auc,1.0
outputs\revision_primary_metrics\repeated_leakage_safe_evaluation\repeated_seed_metrics.csv,19,127,oversampled,accuracy,0.9487179487179488
outputs\revision_primary_metrics\repeated_leakage_safe_evaluation\repeated_seed_metrics.csv,19,127,oversampled,precision,1.0
outputs\revision_primary_metrics\repeated_leakage_safe_evaluation\repeated_seed_metrics.csv,19,127,oversampled,recall_sensitivity,0.8947368421052632
outputs\revision_primary_metrics\repeated_leakage_safe_evaluation\repeated_seed_metrics.csv,19,127,oversampled,specificity,1.0
outputs\revision_primary_metrics\repeated_leakage_safe_evaluation\repeated_seed_metrics.csv,19,127,oversampled,f1,0.9444444444444444
outputs\revision_primary_metrics\repeated_leakage_safe_evaluation\repeated_seed_metrics.csv,19,127,oversampled,roc_auc,1.0
