category,file,matched_terms
ablation_unsupported,HFAGM_Project\outputs\revision_ablation\ablation_audit_summary.txt,"[""ABLATION_STUDY_NOT_REPRODUCIBLE_FROM_RECOVERED_ARTIFACTS"", ""REMOVE_UNSUPPORTED_ABLATION_CLAIMS""]"
ablation_unsupported,HFAGM_Project\outputs\revision_ablation\ablation_provenance.csv,"[""ABLATION_STUDY_NOT_REPRODUCIBLE_FROM_RECOVERED_ARTIFACTS""]"
ablation_unsupported,HFAGM_Project\outputs\revision_ablation\ablation_verdict.csv,"[""ABLATION_STUDY_NOT_REPRODUCIBLE_FROM_RECOVERED_ARTIFACTS"", ""REMOVE_UNSUPPORTED_ABLATION_CLAIMS""]"
generator_missing,HFAGM_Project\outputs\revision_fidelity\actual_generative_architecture_verification\actual_generative_architecture_summary.txt,"[""CLASSIFIER_OR_ENCODER_ONLY_NO_STRUCTURED_GENERATOR"", ""NO_STRUCTURED_GENERATOR"", ""DO_NOT_REGENERATE_REMOVE_UNSUPPORTED_GENERATIVE_FID_CLAIMS""]"
fid_unsupported,HFAGM_Project\outputs\revision_fidelity\actual_generative_architecture_verification\actual_generative_architecture_summary.txt,"[""REMOVE_UNSUPPORTED_GENERATIVE_FID_CLAIMS""]"
generator_missing,HFAGM_Project\outputs\revision_fidelity\actual_generative_architecture_verification\actual_generative_architecture_verdict.csv,"[""CLASSIFIER_OR_ENCODER_ONLY_NO_STRUCTURED_GENERATOR"", ""NO_STRUCTURED_GENERATOR"", ""DO_NOT_REGENERATE_REMOVE_UNSUPPORTED_GENERATIVE_FID_CLAIMS""]"
fid_unsupported,HFAGM_Project\outputs\revision_fidelity\actual_generative_architecture_verification\actual_generative_architecture_verdict.csv,"[""REMOVE_UNSUPPORTED_GENERATIVE_FID_CLAIMS""]"
generator_missing,HFAGM_Project\outputs\revision_fidelity\actual_generative_architecture_verification\verification_provenance.csv,"[""CLASSIFIER_OR_ENCODER_ONLY_NO_STRUCTURED_GENERATOR"", ""NO_STRUCTURED_GENERATOR""]"
fid_unsupported,HFAGM_Project\outputs\revision_fidelity\structured_frechet_audit\fidelity_summary.txt,"[""NO_REPRODUCIBLE_FID_OR_STRUCTURED_FRECHET_RESULT_AVAILABLE"", ""NO_REPRODUCIBLE_FID""]"
fid_unsupported,HFAGM_Project\outputs\revision_fidelity\structured_frechet_audit\fidelity_terminology_verdict.csv,"[""NO_REPRODUCIBLE_FID_OR_STRUCTURED_FRECHET_RESULT_AVAILABLE"", ""NO_REPRODUCIBLE_FID""]"
scalability_unsupported,HFAGM_Project\outputs\revision_scalability\scalability_audit_summary.txt,"[""GENERATIVE_SCALABILITY_NOT_REPRODUCIBLE_FROM_RECOVERED_ARTIFACTS"", ""REMOVE_UNSUPPORTED_RUNTIME_MEMORY_AND_SYNTHETIC_SCALE_CLAIMS""]"
scalability_unsupported,HFAGM_Project\outputs\revision_scalability\scalability_provenance.csv,"[""GENERATIVE_SCALABILITY_NOT_REPRODUCIBLE_FROM_RECOVERED_ARTIFACTS""]"
scalability_unsupported,HFAGM_Project\outputs\revision_scalability\scalability_verdict.csv,"[""GENERATIVE_SCALABILITY_NOT_REPRODUCIBLE_FROM_RECOVERED_ARTIFACTS"", ""REMOVE_UNSUPPORTED_RUNTIME_MEMORY_AND_SYNTHETIC_SCALE_CLAIMS""]"
statistics_descriptive_only,HFAGM_Project\outputs\revision_statistics\statistical_claim_audit_summary.txt,"[""FORMAL_SIGNIFICANCE_NOT_SUPPORTED""]"
statistics_descriptive_only,HFAGM_Project\outputs\revision_statistics\statistical_provenance.csv,"[""FORMAL_SIGNIFICANCE_NOT_SUPPORTED""]"
statistics_descriptive_only,HFAGM_Project\outputs\revision_statistics\statistical_verdict.csv,"[""FORMAL_SIGNIFICANCE_NOT_SUPPORTED""]"
statistics_descriptive_only,HFAGM_Project\outputs\revision_statistics_v2\statistical_claim_audit_v2_summary.txt,"[""DESCRIPTIVE_STABILITY_EVIDENCE_VALID_FORMAL_SIGNIFICANCE_NOT_SUPPORTED"", ""FORMAL_SIGNIFICANCE_NOT_SUPPORTED""]"
statistics_descriptive_only,HFAGM_Project\outputs\revision_statistics_v2\statistical_claim_language_audit.csv,"[""FORMAL_SIGNIFICANCE_NOT_SUPPORTED""]"
statistics_descriptive_only,HFAGM_Project\outputs\revision_statistics_v2\statistical_provenance_v2.csv,"[""DESCRIPTIVE_STABILITY_EVIDENCE_VALID_FORMAL_SIGNIFICANCE_NOT_SUPPORTED"", ""FORMAL_SIGNIFICANCE_NOT_SUPPORTED""]"
statistics_descriptive_only,HFAGM_Project\outputs\revision_statistics_v2\statistical_verdict_v2.csv,"[""DESCRIPTIVE_STABILITY_EVIDENCE_VALID_FORMAL_SIGNIFICANCE_NOT_SUPPORTED"", ""FORMAL_SIGNIFICANCE_NOT_SUPPORTED""]"
