run_number,seed,n_train,n_test,train_class_0,train_class_1,test_class_0,test_class_1,exact_overlap_pairs,unique_overlapping_test_rows,train_source_indices,test_source_indices
1,42,154,39,80,74,20,19,0,0,"[15, 176, 75, 73, 64, 131, 124, 95, 90, 9, 58, 0, 174, 102, 121, 175, 57, 141, 32, 166, 182, 105, 125, 115, 39, 113, 43, 119, 150, 165, 168, 169, 45, 116, 44, 62, 96, 8, 112, 54, 28, 7, 40, 135, 27, 81, 48, 72, 19, 103, 88, 24, 117, 99, 50, 76, 123, 129, 80, 78, 163, 181, 55, 33, 139, 94, 49, 56, 93, 149, 67, 77, 69, 148, 159, 41, 98, 187, 152, 114, 151, 101, 183, 59, 162, 185, 10, 47, 66, 158, 30, 25, 156, 126, 89, 184, 4, 22, 137, 34, 145, 11, 26, 13, 179, 6, 109, 18, 83, 173, 178, 35, 16, 85, 130, 3, 79, 167, 142, 138, 46, 118, 12, 5, 36, 164, 31, 70, 120, 97, 160, 186, 191, 155, 61, 42, 65, 154, 68, 17, 108, 128, 144, 153, 38, 189, 53, 100, 192, 146, 170, 110, 177, 157]","[87, 136, 104, 132, 1, 91, 143, 20, 52, 134, 161, 180, 106, 133, 127, 74, 92, 60, 82, 2, 63, 51, 111, 29, 172, 21, 190, 86, 122, 147, 14, 37, 107, 171, 23, 140, 71, 188, 84]"
2,47,154,39,80,74,20,19,0,0,"[57, 5, 49, 25, 117, 32, 191, 89, 87, 83, 56, 76, 155, 85, 136, 133, 165, 61, 128, 126, 78, 35, 27, 98, 64, 58, 151, 124, 100, 63, 140, 115, 179, 13, 152, 173, 82, 10, 2, 37, 0, 94, 148, 159, 66, 9, 169, 137, 154, 156, 36, 68, 79, 161, 75, 33, 1, 120, 142, 125, 146, 38, 91, 70, 67, 3, 121, 60, 116, 113, 92, 103, 111, 162, 109, 105, 88, 12, 139, 186, 11, 39, 188, 181, 183, 180, 26, 110, 18, 112, 46, 16, 175, 14, 132, 147, 43, 4, 130, 118, 29, 53, 62, 40, 187, 22, 17, 77, 123, 164, 174, 163, 86, 131, 178, 20, 81, 106, 141, 127, 47, 144, 101, 19, 48, 96, 69, 135, 74, 42, 54, 102, 170, 150, 104, 176, 171, 24, 167, 31, 138, 145, 44, 184, 34, 177, 30, 15, 21, 73, 166, 168, 90, 28]","[129, 190, 93, 189, 107, 55, 158, 80, 97, 122, 153, 157, 119, 45, 185, 95, 65, 51, 50, 84, 72, 59, 108, 52, 114, 23, 6, 160, 71, 41, 149, 99, 192, 182, 143, 172, 7, 134, 8]"
3,53,154,39,80,74,20,19,0,0,"[107, 159, 120, 34, 57, 43, 136, 181, 66, 177, 155, 117, 53, 99, 153, 86, 24, 23, 15, 133, 171, 41, 71, 80, 92, 122, 112, 49, 10, 72, 169, 113, 124, 59, 154, 68, 7, 76, 170, 179, 5, 82, 156, 184, 42, 0, 161, 111, 160, 44, 97, 183, 139, 141, 131, 110, 3, 74, 190, 163, 77, 189, 90, 130, 17, 70, 28, 101, 180, 178, 174, 1, 95, 126, 104, 32, 78, 114, 127, 31, 142, 147, 109, 4, 83, 67, 187, 94, 145, 52, 132, 135, 185, 121, 14, 168, 123, 172, 191, 33, 73, 162, 93, 100, 39, 56, 134, 81, 140, 116, 166, 103, 119, 108, 186, 13, 30, 50, 2, 21, 152, 40, 85, 79, 51, 150, 20, 98, 36, 106, 19, 6, 54, 143, 96, 144, 65, 128, 55, 118, 26, 45, 11, 87, 157, 148, 47, 16, 46, 146, 64, 8, 62, 60]","[29, 25, 9, 89, 151, 88, 164, 27, 22, 165, 63, 176, 129, 35, 182, 48, 12, 173, 91, 137, 192, 38, 158, 37, 61, 175, 149, 18, 125, 115, 69, 84, 105, 167, 75, 102, 58, 188, 138]"
4,59,154,39,80,74,20,19,0,0,"[6, 121, 192, 165, 159, 38, 166, 84, 39, 19, 42, 93, 87, 26, 76, 88, 16, 41, 156, 69, 135, 104, 32, 61, 63, 37, 40, 164, 113, 106, 137, 78, 149, 181, 172, 155, 82, 151, 59, 116, 119, 9, 72, 134, 101, 85, 158, 65, 34, 35, 100, 3, 97, 132, 131, 52, 146, 54, 126, 80, 175, 2, 11, 140, 55, 148, 74, 14, 127, 27, 111, 108, 90, 189, 24, 133, 105, 62, 180, 29, 187, 153, 56, 185, 176, 139, 18, 173, 130, 178, 1, 36, 8, 70, 114, 170, 138, 107, 51, 12, 115, 174, 5, 60, 190, 21, 168, 169, 81, 99, 109, 89, 167, 4, 31, 110, 46, 10, 7, 47, 161, 17, 43, 98, 71, 15, 117, 129, 96, 157, 152, 94, 91, 28, 142, 144, 86, 25, 182, 150, 22, 171, 92, 163, 122, 136, 58, 123, 13, 30, 95, 145, 191, 120]","[77, 66, 118, 20, 83, 102, 124, 125, 73, 141, 75, 160, 50, 183, 53, 103, 0, 147, 112, 162, 143, 128, 67, 179, 154, 177, 57, 49, 188, 23, 48, 64, 68, 45, 184, 79, 33, 186, 44]"
5,71,154,39,80,74,20,19,0,0,"[14, 178, 192, 47, 105, 102, 68, 186, 56, 167, 67, 173, 188, 39, 54, 106, 154, 110, 164, 46, 161, 90, 28, 20, 31, 59, 10, 111, 62, 132, 153, 144, 50, 32, 70, 36, 77, 16, 134, 184, 74, 162, 141, 42, 73, 72, 103, 126, 108, 88, 148, 3, 98, 187, 183, 63, 145, 93, 89, 118, 86, 71, 15, 34, 4, 131, 99, 176, 87, 94, 146, 171, 41, 150, 104, 185, 166, 177, 140, 66, 2, 37, 191, 138, 25, 91, 129, 155, 152, 83, 82, 24, 1, 19, 26, 122, 113, 174, 149, 60, 169, 65, 44, 137, 78, 130, 5, 75, 97, 84, 165, 179, 7, 52, 156, 135, 53, 112, 163, 136, 116, 69, 159, 49, 58, 107, 128, 101, 43, 35, 29, 79, 17, 64, 92, 120, 189, 61, 133, 125, 85, 114, 168, 21, 57, 157, 181, 123, 76, 170, 6, 23, 182, 22]","[0, 30, 9, 175, 180, 12, 80, 124, 143, 55, 139, 190, 147, 96, 48, 109, 11, 33, 100, 158, 27, 13, 127, 95, 142, 160, 117, 121, 51, 119, 8, 45, 151, 18, 40, 38, 115, 172, 81]"
6,83,154,39,80,74,20,19,0,0,"[31, 41, 52, 118, 133, 19, 92, 192, 5, 7, 30, 164, 2, 68, 13, 128, 75, 12, 188, 143, 25, 65, 138, 14, 10, 97, 67, 90, 6, 24, 32, 101, 142, 34, 178, 56, 153, 154, 107, 48, 179, 163, 114, 123, 20, 104, 43, 102, 76, 106, 66, 155, 54, 73, 141, 136, 94, 183, 87, 59, 117, 81, 88, 152, 55, 182, 175, 50, 83, 109, 127, 44, 132, 161, 91, 38, 1, 171, 174, 134, 111, 126, 11, 160, 86, 17, 9, 74, 84, 112, 120, 167, 169, 139, 146, 149, 140, 28, 100, 151, 135, 156, 158, 46, 62, 125, 35, 63, 51, 57, 95, 189, 129, 26, 71, 33, 27, 168, 45, 72, 69, 80, 191, 181, 70, 110, 58, 137, 99, 124, 93, 113, 130, 42, 172, 79, 29, 85, 116, 159, 150, 162, 177, 77, 131, 122, 47, 21, 121, 49, 61, 144, 145, 37]","[82, 186, 89, 96, 16, 185, 98, 36, 108, 103, 184, 15, 18, 187, 165, 170, 39, 64, 40, 4, 8, 157, 190, 119, 148, 3, 115, 22, 0, 53, 173, 166, 60, 147, 23, 105, 180, 176, 78]"
7,97,154,39,80,74,20,19,0,0,"[56, 138, 132, 170, 8, 145, 44, 151, 37, 121, 122, 40, 189, 183, 159, 49, 154, 94, 17, 93, 169, 0, 156, 179, 119, 147, 13, 110, 12, 18, 83, 150, 113, 106, 33, 62, 75, 133, 149, 19, 45, 41, 153, 124, 10, 137, 125, 146, 72, 181, 5, 7, 152, 175, 126, 177, 52, 172, 95, 103, 9, 155, 180, 15, 99, 163, 32, 50, 188, 23, 73, 178, 131, 60, 36, 70, 108, 3, 192, 21, 67, 120, 47, 107, 43, 38, 25, 187, 176, 78, 141, 92, 166, 100, 130, 24, 164, 58, 112, 102, 173, 165, 144, 2, 59, 64, 85, 61, 66, 22, 68, 158, 80, 27, 116, 34, 168, 96, 134, 63, 76, 65, 105, 54, 6, 42, 89, 167, 190, 128, 148, 79, 184, 74, 57, 26, 127, 11, 142, 171, 157, 174, 46, 55, 81, 31, 1, 48, 136, 87, 135, 39, 160, 30]","[161, 104, 98, 185, 77, 86, 82, 35, 101, 14, 182, 88, 186, 4, 123, 20, 115, 84, 114, 29, 91, 129, 97, 140, 28, 143, 162, 139, 51, 111, 53, 71, 90, 191, 69, 117, 118, 16, 109]"
8,101,154,39,80,74,20,19,0,0,"[43, 166, 93, 101, 147, 52, 140, 128, 124, 110, 82, 6, 62, 111, 38, 68, 21, 89, 100, 48, 84, 174, 85, 155, 112, 115, 190, 27, 45, 34, 16, 65, 55, 50, 74, 2, 187, 170, 54, 133, 31, 117, 173, 118, 0, 39, 138, 192, 76, 125, 78, 161, 17, 37, 57, 23, 30, 126, 136, 15, 114, 150, 167, 176, 73, 178, 172, 97, 108, 47, 156, 134, 152, 58, 98, 91, 53, 104, 86, 159, 24, 41, 26, 168, 19, 59, 160, 139, 191, 145, 153, 36, 61, 186, 109, 88, 51, 148, 158, 46, 3, 141, 28, 32, 131, 164, 130, 135, 96, 35, 102, 154, 119, 10, 66, 67, 142, 29, 14, 83, 113, 107, 79, 179, 106, 69, 71, 18, 20, 22, 1, 151, 122, 7, 92, 184, 42, 144, 165, 44, 25, 72, 13, 116, 180, 183, 33, 169, 56, 137, 80, 132, 162, 143]","[177, 77, 182, 149, 127, 90, 103, 4, 181, 146, 105, 175, 40, 121, 12, 5, 120, 8, 81, 163, 188, 157, 87, 64, 94, 185, 9, 99, 49, 70, 11, 123, 63, 60, 75, 171, 189, 95, 129]"
9,113,154,39,80,74,20,19,0,0,"[57, 108, 94, 124, 8, 68, 115, 104, 32, 50, 105, 177, 31, 6, 95, 159, 150, 45, 33, 132, 56, 174, 181, 77, 0, 117, 97, 53, 183, 106, 3, 36, 156, 63, 116, 19, 40, 169, 71, 80, 96, 48, 85, 81, 165, 149, 158, 15, 14, 135, 178, 55, 35, 155, 66, 18, 20, 192, 138, 127, 30, 75, 52, 163, 60, 168, 54, 113, 171, 44, 170, 84, 86, 128, 76, 26, 99, 148, 58, 78, 65, 88, 139, 160, 10, 24, 142, 114, 70, 1, 64, 98, 13, 118, 143, 111, 83, 28, 184, 167, 107, 62, 82, 39, 72, 141, 162, 129, 103, 146, 112, 126, 67, 87, 49, 119, 27, 12, 131, 21, 133, 152, 182, 123, 29, 9, 41, 164, 120, 61, 145, 122, 101, 134, 191, 109, 38, 188, 187, 172, 144, 43, 125, 17, 51, 79, 157, 42, 121, 166, 140, 93, 73, 130]","[189, 34, 90, 154, 4, 47, 161, 74, 186, 180, 110, 185, 5, 11, 23, 151, 100, 2, 147, 136, 137, 153, 102, 7, 37, 59, 190, 46, 16, 22, 173, 175, 179, 25, 176, 91, 92, 69, 89]"
10,127,154,39,80,74,20,19,0,0,"[5, 169, 110, 24, 127, 158, 40, 129, 132, 33, 1, 69, 66, 117, 30, 192, 95, 152, 189, 12, 157, 101, 86, 99, 163, 183, 108, 111, 113, 128, 83, 147, 89, 184, 90, 41, 112, 63, 51, 81, 79, 124, 146, 48, 139, 186, 106, 15, 107, 191, 161, 115, 61, 151, 54, 44, 100, 13, 178, 3, 96, 72, 22, 173, 45, 47, 119, 25, 188, 38, 143, 149, 123, 35, 52, 32, 87, 7, 42, 109, 150, 77, 28, 179, 0, 155, 8, 165, 156, 103, 116, 80, 187, 4, 85, 131, 140, 21, 76, 93, 10, 98, 53, 34, 135, 46, 144, 6, 16, 68, 20, 64, 153, 26, 84, 174, 94, 136, 121, 130, 133, 91, 168, 162, 17, 137, 88, 175, 176, 43, 122, 78, 71, 167, 59, 11, 65, 102, 154, 31, 74, 172, 126, 70, 145, 62, 159, 125, 134, 37, 75, 2, 180, 82]","[18, 39, 171, 9, 120, 57, 104, 14, 166, 73, 27, 160, 141, 19, 182, 170, 190, 92, 118, 177, 60, 67, 49, 138, 181, 148, 29, 164, 58, 36, 97, 105, 142, 114, 55, 56, 185, 23, 50]"
