seed,variant,n_train_original,n_train_fitted,n_test,train_class_0,train_class_1,test_class_0,test_class_1,accuracy,precision,sensitivity,specificity,f1,roc_auc,tn,fp,fn,tp,score_source,method,train_rows_before,train_rows_after,class_counts_before,class_counts_after,run_number,cross_split_overlap_pairs,new_training_duplicates
42,unbalanced_training,154,154,39,80,74,20,19,1.0,1.0,1.0,1.0,1.0,1.0,20,0,0,19,predict_proba,none,154,154,"{""0"": 80, ""1"": 74}","{""0"": 80, ""1"": 74}",1,0,
42,training_only_oversampled,154,160,39,80,74,20,19,1.0,1.0,1.0,1.0,1.0,1.0,20,0,0,19,predict_proba,training_only_random_oversampling,154,160,"{""0"": 80, ""1"": 74}","{""0"": 80, ""1"": 80}",1,0,6.0
47,unbalanced_training,154,154,39,80,74,20,19,0.9743589743589743,0.95,1.0,0.95,0.9743589743589743,0.9973684210526316,19,1,0,19,predict_proba,none,154,154,"{""0"": 80, ""1"": 74}","{""0"": 80, ""1"": 74}",2,0,
47,training_only_oversampled,154,160,39,80,74,20,19,0.9743589743589743,0.95,1.0,0.95,0.9743589743589743,0.9973684210526316,19,1,0,19,predict_proba,training_only_random_oversampling,154,160,"{""0"": 80, ""1"": 74}","{""0"": 80, ""1"": 80}",2,0,6.0
53,unbalanced_training,154,154,39,80,74,20,19,0.9487179487179487,1.0,0.8947368421052632,1.0,0.9444444444444444,1.0,20,0,2,17,predict_proba,none,154,154,"{""1"": 74, ""0"": 80}","{""1"": 74, ""0"": 80}",3,0,
53,training_only_oversampled,154,160,39,80,74,20,19,0.9743589743589743,1.0,0.9473684210526315,1.0,0.972972972972973,1.0,20,0,1,18,predict_proba,training_only_random_oversampling,154,160,"{""0"": 80, ""1"": 74}","{""0"": 80, ""1"": 80}",3,0,6.0
59,unbalanced_training,154,154,39,80,74,20,19,0.9487179487179487,0.9047619047619048,1.0,0.9,0.95,0.9894736842105263,18,2,0,19,predict_proba,none,154,154,"{""0"": 80, ""1"": 74}","{""0"": 80, ""1"": 74}",4,0,
59,training_only_oversampled,154,160,39,80,74,20,19,0.9487179487179487,0.9047619047619048,1.0,0.9,0.95,0.9894736842105263,18,2,0,19,predict_proba,training_only_random_oversampling,154,160,"{""0"": 80, ""1"": 74}","{""0"": 80, ""1"": 80}",4,0,6.0
71,unbalanced_training,154,154,39,80,74,20,19,0.9743589743589743,0.95,1.0,0.95,0.9743589743589743,1.0,19,1,0,19,predict_proba,none,154,154,"{""0"": 80, ""1"": 74}","{""0"": 80, ""1"": 74}",5,0,
71,training_only_oversampled,154,160,39,80,74,20,19,0.9743589743589743,0.95,1.0,0.95,0.9743589743589743,1.0,19,1,0,19,predict_proba,training_only_random_oversampling,154,160,"{""0"": 80, ""1"": 74}","{""0"": 80, ""1"": 80}",5,0,6.0
83,unbalanced_training,154,154,39,80,74,20,19,1.0,1.0,1.0,1.0,1.0,1.0,20,0,0,19,predict_proba,none,154,154,"{""0"": 80, ""1"": 74}","{""0"": 80, ""1"": 74}",6,0,
83,training_only_oversampled,154,160,39,80,74,20,19,1.0,1.0,1.0,1.0,1.0,1.0,20,0,0,19,predict_proba,training_only_random_oversampling,154,160,"{""0"": 80, ""1"": 74}","{""0"": 80, ""1"": 80}",6,0,6.0
97,unbalanced_training,154,154,39,80,74,20,19,1.0,1.0,1.0,1.0,1.0,1.0,20,0,0,19,predict_proba,none,154,154,"{""0"": 80, ""1"": 74}","{""0"": 80, ""1"": 74}",7,0,
97,training_only_oversampled,154,160,39,80,74,20,19,0.9487179487179487,1.0,0.8947368421052632,1.0,0.9444444444444444,0.9973684210526316,20,0,2,17,predict_proba,training_only_random_oversampling,154,160,"{""0"": 80, ""1"": 74}","{""0"": 80, ""1"": 80}",7,0,6.0
101,unbalanced_training,154,154,39,80,74,20,19,1.0,1.0,1.0,1.0,1.0,1.0,20,0,0,19,predict_proba,none,154,154,"{""0"": 80, ""1"": 74}","{""0"": 80, ""1"": 74}",8,0,
101,training_only_oversampled,154,160,39,80,74,20,19,1.0,1.0,1.0,1.0,1.0,1.0,20,0,0,19,predict_proba,training_only_random_oversampling,154,160,"{""0"": 80, ""1"": 74}","{""0"": 80, ""1"": 80}",8,0,6.0
113,unbalanced_training,154,154,39,80,74,20,19,1.0,1.0,1.0,1.0,1.0,1.0,20,0,0,19,predict_proba,none,154,154,"{""0"": 80, ""1"": 74}","{""0"": 80, ""1"": 74}",9,0,
113,training_only_oversampled,154,160,39,80,74,20,19,1.0,1.0,1.0,1.0,1.0,1.0,20,0,0,19,predict_proba,training_only_random_oversampling,154,160,"{""0"": 80, ""1"": 74}","{""0"": 80, ""1"": 80}",9,0,6.0
127,unbalanced_training,154,154,39,80,74,20,19,0.9743589743589743,1.0,0.9473684210526315,1.0,0.972972972972973,1.0,20,0,1,18,predict_proba,none,154,154,"{""0"": 80, ""1"": 74}","{""0"": 80, ""1"": 74}",10,0,
127,training_only_oversampled,154,160,39,80,74,20,19,0.9487179487179487,1.0,0.8947368421052632,1.0,0.9444444444444444,1.0,20,0,2,17,predict_proba,training_only_random_oversampling,154,160,"{""0"": 80, ""1"": 74}","{""0"": 80, ""1"": 80}",10,0,6.0
