reviewer_comment,reviewer_topic,evidence_ids,stage10_v2_status,recommended_disposition,basis
C6,HGF mathematical precision and reproducibility,"E04B-01,ESTR-01",EVIDENCE_SYNTHESIZED,MAJOR_REWRITE;REMOVE_OR_MAJOR_REFRAME,IMPLEMENTATION_MISSING;THEORETICAL_ONLY_AT_BEST
C7,Correct GAN/VAE/diffusion objectives,"E04B-01,ESTR-01",EVIDENCE_SYNTHESIZED,MAJOR_REWRITE;REMOVE_OR_MAJOR_REFRAME,IMPLEMENTATION_MISSING;THEORETICAL_ONLY_AT_BEST
C8,Fairness controller dimensional consistency,"E04B-01,ESTR-01",EVIDENCE_SYNTHESIZED,MAJOR_REWRITE;REMOVE_OR_MAJOR_REFRAME,IMPLEMENTATION_MISSING;THEORETICAL_ONLY_AT_BEST
C9,SPD/EOD differentiability,"E04B-01,ESTR-01",EVIDENCE_SYNTHESIZED,MAJOR_REWRITE;REMOVE_OR_MAJOR_REFRAME,IMPLEMENTATION_MISSING;THEORETICAL_ONLY_AT_BEST
C10,Wall-clock non-differentiability,"E04B-01,E06-01,ESTR-01",EVIDENCE_SYNTHESIZED,MAJOR_REWRITE;REMOVE;REMOVE_OR_MAJOR_REFRAME,IMPLEMENTATION_MISSING;THEORETICAL_ONLY_AT_BEST;UNSUPPORTED
C11,Latent fusion dimensions/alignment/normalization,"E04B-01,E07-01,ESTR-01",EVIDENCE_SYNTHESIZED,MAJOR_REWRITE;REMOVE;REMOVE_OR_MAJOR_REFRAME,IMPLEMENTATION_MISSING;MISSING_EXECUTED_VARIANTS;THEORETICAL_ONLY_AT_BEST
C12,Unsupported Pareto-optimal claim,"ESTR-01,ESTR-02",EVIDENCE_SYNTHESIZED,MAJOR_REWRITE;REMOVE,THEORETICAL_ONLY_AT_BEST;UNSUPPORTED
C13,Scope inconsistency across healthcare/finance/multimodal,E09-01,EVIDENCE_SYNTHESIZED,REMOVE_OR_MAJOR_REFRAME,UNSUPPORTED_SCOPE
C14,Multimodal reproducibility,E09-01,EVIDENCE_SYNTHESIZED,REMOVE_OR_MAJOR_REFRAME,UNSUPPORTED_SCOPE
C15,Duplicate/mislabeled multimodal figures,E09-02,EVIDENCE_SYNTHESIZED,CORRECT_AFTER_RESTRUCTURE,CORRECTION_REQUIRED
C16,Fairness recalculation and EOD interpretation,E03-01,EVIDENCE_SYNTHESIZED,REWRITE,VALIDATED_CLASSIFIER_FAIRNESS
C17,DI interpretation,E03-01,EVIDENCE_SYNTHESIZED,REWRITE,VALIDATED_CLASSIFIER_FAIRNESS
C18,Sensitive attribute/reference/favorable outcome/subgroup n,E03-01,EVIDENCE_SYNTHESIZED,REWRITE,VALIDATED_CLASSIFIER_FAIRNESS
C19,FID definition/feature space,"E04-01,E04B-01",EVIDENCE_SYNTHESIZED,REMOVE;REMOVE_OR_MAJOR_REFRAME,IMPLEMENTATION_MISSING;UNSUPPORTED
C20,PR-GM/MSS definitions,"E04B-01,ESTR-03",EVIDENCE_SYNTHESIZED,REMOVE_OR_MAJOR_REFRAME;REMOVE_UNLESS_PROVEN,IMPLEMENTATION_MISSING;UNSUPPORTED_UNLESS_SOURCE_FOUND
C21,Common untouched real test downstream utility,"E02E-01,E02F-01,E05-01",EVIDENCE_SYNTHESIZED,REWRITE,LIMITATION;REAL_REFERENCE_ONLY;VALIDATED
C22,Accuracy/confusion-matrix consistency,"E02E-01,E05-01,E09-03",EVIDENCE_SYNTHESIZED,REWRITE;VERIFY_BEFORE_RETAINING,MANUAL_SOURCE_LINK_REQUIRED;REAL_REFERENCE_ONLY;VALIDATED
C23,Synthetic N interpretation,"E06-01,E09-04",EVIDENCE_SYNTHESIZED,REMOVE;REWRITE_OR_REMOVE,INTERPRETATION_CONSTRAINT;UNSUPPORTED
C24,Conflicting fidelity/FID values,E04-01,EVIDENCE_SYNTHESIZED,REMOVE,UNSUPPORTED
C25,Hardware/efficiency inconsistency,"E06-01,ESTR-04",EVIDENCE_SYNTHESIZED,REMOVE;VERIFY_BEFORE_RETAINING,MANUAL_PROVENANCE_REQUIRED;UNSUPPORTED
C26,Implementation details/pseudocode,"E04B-01,ESTR-01",EVIDENCE_SYNTHESIZED,MAJOR_REWRITE;REMOVE_OR_MAJOR_REFRAME,IMPLEMENTATION_MISSING;THEORETICAL_ONLY_AT_BEST
C27,Baseline tuning fairness,"E02E-01,E02F-01,E05-01,ESTR-05",EVIDENCE_SYNTHESIZED,REWRITE,LIMITATION;REAL_REFERENCE_ONLY;REWRITE_REQUIRED;VALIDATED
C28,Requested ablations,"E04B-01,E07-01",EVIDENCE_SYNTHESIZED,REMOVE;REMOVE_OR_MAJOR_REFRAME,IMPLEMENTATION_MISSING;MISSING_EXECUTED_VARIANTS
C29,Statistical significance/uncertainty,"E02E-01,E03-01,E08-01",EVIDENCE_SYNTHESIZED,REWRITE,DESCRIPTIVE_ONLY;VALIDATED;VALIDATED_CLASSIFIER_FAIRNESS
C30,Unsupported privacy claims,"E04B-01,ESTR-06",EVIDENCE_SYNTHESIZED,REMOVE_OR_MAJOR_REFRAME;REWRITE,IMPLEMENTATION_MISSING;UNSUPPORTED_AS_RESULT
C31,Novelty scope,"E04B-01,ESTR-01,ESTR-07",EVIDENCE_SYNTHESIZED,MAJOR_REWRITE;REMOVE_OR_MAJOR_REFRAME,IMPLEMENTATION_MISSING;REFRAME;THEORETICAL_ONLY_AT_BEST
C32,Reference DOI/bibliographic audit,ESTR-08,EVIDENCE_SYNTHESIZED,PENDING,PENDING_REFERENCE_AUDIT
C33,Major restructuring and consolidated table,ESTR-07,EVIDENCE_SYNTHESIZED,MAJOR_REWRITE,REFRAME
