feature,n_runs,accuracy_mean,accuracy_sd,accuracy_95ci_lower,accuracy_95ci_upper,accuracy_min,accuracy_max,f1_mean,f1_sd,f1_95ci_lower,f1_95ci_upper,f1_min,f1_max,roc_auc_mean,roc_auc_sd,roc_auc_95ci_lower,roc_auc_95ci_upper,roc_auc_min,roc_auc_max,directionless_mean_auc,single_feature_model_flag
Age,10,0.8692307692307694,0.05049249739398952,0.8331106125193807,0.905350925942158,0.7948717948717948,0.9487179487179487,0.8606959139931275,0.05440541429111561,0.8217766251568213,0.8996152028294337,0.7894736842105263,0.95,0.9546052631578947,0.02713810251633547,0.9351918341074146,0.9740186922083749,0.9013157894736842,0.9986842105263157,0.9546052631578947,VERY_HIGH_PREDICTIVE_STRENGTH
BLOOD UREA,10,0.8564102564102564,0.055654087508033204,0.8165977205649054,0.8962227922556073,0.7948717948717948,0.9743589743589743,0.8268182420388304,0.07257659837421872,0.7749000711786909,0.8787364128989699,0.7333333333333333,0.972972972972973,0.9271052631578947,0.04051834052307956,0.8981201884455224,0.9560903378702669,0.8710526315789473,0.9947368421052631,0.9271052631578947,HIGH_PREDICTIVE_STRENGTH
PT,10,0.8282051282051283,0.056758829797894,0.787602307333388,0.8688079490768685,0.7435897435897436,0.9230769230769231,0.8039079777779466,0.0766115631550484,0.7491033669964209,0.8587125885594724,0.6666666666666666,0.918918918918919,0.9046052631578947,0.037449309126847415,0.8778156412495122,0.9313948850662772,0.8552631578947368,0.9671052631578947,0.9046052631578947,HIGH_PREDICTIVE_STRENGTH
ALBUMIN,10,0.8794871794871794,0.04689185204904344,0.8459427692893127,0.913031589685046,0.8205128205128205,0.9743589743589743,0.8594394862777216,0.0590342544407444,0.8172089246736622,0.901670047881781,0.7878787878787878,0.972972972972973,0.9021052631578949,0.03478598331616332,0.8772208697610823,0.9269896565547074,0.8486842105263157,0.9605263157894737,0.9021052631578949,HIGH_PREDICTIVE_STRENGTH
CALClUM,10,0.8128205128205128,0.05803160751031781,0.7713072016224022,0.8543338240186235,0.717948717948718,0.9230769230769231,0.7994198011845071,0.06098161448697454,0.7557961821229312,0.8430434202460829,0.717948717948718,0.9230769230769231,0.8896052631578947,0.04783899622551223,0.8553833068324244,0.923827219483365,0.8223684210526316,0.9736842105263158,0.8896052631578947,NO_EXTREME_FLAG
INR,10,0.6102564102564102,0.08180161445473777,0.5517390604352179,0.6687737600776025,0.5384615384615384,0.8205128205128205,0.3124635392026696,0.20671562124398246,0.16458809197011676,0.4603389864352225,0.1,0.8108108108108109,0.8838157894736842,0.03354073289765427,0.8598221945634369,0.9078093843839316,0.8513157894736841,0.9671052631578947,0.8838157894736842,NO_EXTREME_FLAG
WBC,10,0.8282051282051283,0.051353226959999325,0.7914692426545061,0.8649410137557504,0.7435897435897436,0.9230769230769231,0.8037613629338137,0.06048894332882076,0.7604901795876045,0.847032546280023,0.7058823529411765,0.9142857142857143,0.8690789473684211,0.07089068071249266,0.818366809350525,0.9197910853863172,0.6973684210526316,0.9500000000000001,0.8690789473684211,NO_EXTREME_FLAG
RDW-CV,10,0.6487179487179489,0.04991043186549207,0.6130141766021086,0.6844217208337892,0.5641025641025641,0.7435897435897436,0.48521733821733826,0.0998369463202567,0.41379828919435546,0.556636387240321,0.32,0.6666666666666666,0.8674999999999999,0.04015996982521225,0.838771288241251,0.8962287117587489,0.8013157894736842,0.9473684210526316,0.8674999999999999,NO_EXTREME_FLAG
LDH,10,0.7615384615384615,0.0580316075103178,0.7200251503403509,0.8030517727365721,0.6923076923076923,0.8717948717948718,0.6751471516988758,0.10104766399058013,0.602862007429225,0.7474322959685267,0.5384615384615384,0.8571428571428571,0.8642105263157894,0.04912985538405828,0.8290651449765949,0.899355907654984,0.7802631578947368,0.9171052631578946,0.8642105263157894,NO_EXTREME_FLAG
HEMO,10,0.8282051282051283,0.052756579015422106,0.7904653450701266,0.86594491134013,0.7435897435897436,0.8974358974358975,0.811155203585544,0.058133145166550486,0.7695692567238295,0.8527411504472586,0.7368421052631579,0.9,0.86,0.060536485288564965,0.8166948071845634,0.9033051928154365,0.7631578947368419,0.9552631578947367,0.86,NO_EXTREME_FLAG
GLUCOSE,10,0.782051282051282,0.0325460389139483,0.7587692483516238,0.8053333157509402,0.7435897435897436,0.8461538461538461,0.7362333010127127,0.04987010687911692,0.7005583756543597,0.7719082263710656,0.6428571428571429,0.8125,0.8571052631578947,0.05597632287569363,0.8170622140169341,0.8971483122988553,0.7631578947368421,0.9368421052631579,0.8571052631578947,NO_EXTREME_FLAG
RBC,10,0.8076923076923077,0.06192896045380103,0.7633909981510023,0.8519936172336131,0.6923076923076923,0.9230769230769231,0.7822976405793745,0.07790839670263515,0.7265653309636652,0.8380299501950838,0.6470588235294118,0.9230769230769231,0.8534210526315789,0.06254638168188344,0.8086780665508609,0.8981640387122968,0.781578947368421,0.95,0.8534210526315789,NO_EXTREME_FLAG
RDW-SD,10,0.7589743589743589,0.03860372577995286,0.7313589171407896,0.7865898008079283,0.717948717948718,0.8205128205128205,0.679912799267638,0.06262464882759627,0.6351138242437224,0.7247117742915536,0.5925925925925926,0.7741935483870968,0.8451315789473683,0.09678990854326756,0.775892249440962,0.9143709084537747,0.7197368421052631,0.9526315789473685,0.8451315789473683,NO_EXTREME_FLAG
CRP,10,0.8076923076923077,0.06757003547368333,0.7593556161783312,0.8560289992062842,0.6666666666666666,0.8974358974358975,0.7451132982973754,0.11623712020935503,0.6619622716234164,0.8282643249713344,0.48,0.8823529411764706,0.8411842105263156,0.053931498164856706,0.802603940863788,0.8797644801888433,0.7605263157894736,0.9236842105263158,0.8411842105263156,NO_EXTREME_FLAG
PTT,10,0.7615384615384615,0.034294705380750204,0.7370055072055064,0.7860714158714166,0.717948717948718,0.8205128205128205,0.7230908635512651,0.052913958950714705,0.6852384975926877,0.7609432295098424,0.6451612903225806,0.8,0.8305263157894736,0.03557663752493755,0.8050763224441656,0.8559763091347815,0.769736842105263,0.8723684210526316,0.8305263157894736,NO_EXTREME_FLAG
HEMA,10,0.8025641025641026,0.034294705380750204,0.7780311482311475,0.8270970568970577,0.7692307692307693,0.8717948717948718,0.7779224538901959,0.04831321332920945,0.743361263084658,0.8124836446957338,0.7096774193548387,0.8717948717948718,0.8268421052631579,0.06134771901628519,0.7829565907982261,0.8707276197280898,0.7368421052631579,0.9315789473684211,0.8268421052631579,NO_EXTREME_FLAG
SGOT (AST),10,0.6948717948717948,0.06447187065178155,0.6487513969590559,0.7409921927845338,0.6153846153846154,0.7948717948717948,0.5474370896791945,0.14244861873779666,0.44553548651661157,0.6493386928417774,0.34782608695652173,0.7333333333333333,0.7957894736842104,0.07641604626522,0.7411247272600607,0.85045422010836,0.6144736842105263,0.894736842105263,0.7957894736842104,NO_EXTREME_FLAG
MCHC,10,0.7076923076923077,0.05822012432795351,0.6660441396868064,0.749340475697809,0.6410256410256411,0.8205128205128205,0.6838059757869007,0.06672473540428102,0.6360739755152036,0.7315379760585978,0.5806451612903226,0.8,0.773157894736842,0.05576974714690567,0.7332626209700795,0.8130531685036045,0.7197368421052631,0.881578947368421,0.773157894736842,NO_EXTREME_FLAG
LYMPHOCYTE %,10,0.6384615384615386,0.04432923924748697,0.6067503110286394,0.6701727658944379,0.5641025641025641,0.6923076923076923,0.5900964009891154,0.0722657010787487,0.5384006326563435,0.6417921693218873,0.45161290322580644,0.6666666666666666,0.7389473684210526,0.051617422098369635,0.7020224890536687,0.7758722477884364,0.6539473684210526,0.8276315789473685,0.7389473684210526,NO_EXTREME_FLAG
D-DIMER,10,0.7025641025641026,0.05296387481993049,0.6646760289437634,0.7404521761844418,0.6153846153846154,0.7692307692307693,0.5568733770300245,0.12051419906365803,0.4706627124601832,0.6430840415998658,0.34782608695652173,0.7096774193548387,0.7378947368421052,0.06509221150620753,0.6913305738150859,0.7844588998691244,0.6210526315789473,0.825,0.7378947368421052,NO_EXTREME_FLAG
MONOCYTES,10,0.6333333333333333,0.07257411868497017,0.5814169363360224,0.6852497303306442,0.5384615384615384,0.7948717948717948,0.5987898745763978,0.09281116564119433,0.5323967662821416,0.6651829828706539,0.5,0.7894736842105263,0.7218421052631577,0.08306559019561598,0.6624205616667265,0.781263648859589,0.5776315789473684,0.8776315789473683,0.7218421052631577,NO_EXTREME_FLAG
CREATININE,10,0.7282051282051283,0.058220124327953524,0.686556960199627,0.7698532962106296,0.6666666666666666,0.8717948717948718,0.6087126589885212,0.10209761145079183,0.5356764275522831,0.6817488904247594,0.48,0.8484848484848485,0.7214473684210526,0.0823184974726938,0.6625602627633774,0.7803344740787278,0.5842105263157894,0.8263157894736842,0.7214473684210526,NO_EXTREME_FLAG
NEUTRPHILS,10,0.653846153846154,0.04720239750934726,0.6200795928086356,0.6876127148836724,0.5641025641025641,0.717948717948718,0.608296725440189,0.06409964030550346,0.5624426050762785,0.6541508458040994,0.5,0.7,0.7203947368421052,0.04865950851112418,0.6855858213866741,0.7552036522975363,0.6263157894736842,0.7973684210526315,0.7203947368421052,NO_EXTREME_FLAG
MPV,10,0.6076923076923078,0.05412355623585493,0.5689746479623407,0.6464099674222749,0.48717948717948717,0.6923076923076923,0.3965343472952168,0.07990390790800404,0.33937453495776976,0.45369415963266385,0.2608695652173913,0.5714285714285714,0.7172368421052632,0.07714424797341142,0.6620511715602063,0.77242251265032,0.6000000000000001,0.8460526315789474,0.7172368421052632,NO_EXTREME_FLAG
CPK,10,0.7102564102564103,0.05135322695999932,0.6735205247057882,0.7469922958070324,0.6153846153846154,0.7948717948717948,0.5784464788756514,0.11012858517384234,0.4996652349248181,0.6572277228264846,0.34782608695652173,0.7333333333333333,0.7157894736842105,0.08050127654128754,0.6582023295695233,0.7733766177988978,0.6105263157894737,0.8907894736842105,0.7157894736842105,NO_EXTREME_FLAG
ESR,10,0.7128205128205127,0.08268982305947233,0.6536677768399654,0.7719732488010601,0.5384615384615384,0.8461538461538461,0.6298007116465534,0.12107349961420562,0.5431899475653548,0.716411475727752,0.35714285714285715,0.8125,0.7146052631578946,0.06286925393371225,0.6696313081820789,0.7595792181337103,0.6144736842105263,0.838157894736842,0.7146052631578946,NO_EXTREME_FLAG
FERRITIN,10,0.6641025641025642,0.035136418446315314,0.6389674845152964,0.689237643689832,0.6153846153846154,0.7435897435897436,0.4854020633151069,0.08392467272235789,0.4253659691003569,0.5454381575298568,0.34782608695652173,0.6428571428571429,0.7088157894736842,0.061606962438250104,0.6647448234365178,0.7528867555108506,0.6131578947368421,0.8236842105263158,0.7088157894736842,NO_EXTREME_FLAG
SGPT (ALT),10,0.6153846153846154,0.06729921259839156,0.5672416588847785,0.6635275718844523,0.5384615384615384,0.7692307692307693,0.3835296568055188,0.163564662692093,0.2665225457730767,0.5005367678379609,0.19047619047619047,0.6896551724137931,0.7052631578947368,0.0868354596074938,0.6431448121798445,0.7673815036096291,0.6092105263157895,0.8960526315789473,0.7052631578947368,NO_EXTREME_FLAG
CHLORIDE,10,0.7051282051282052,0.05701565839370229,0.6643416601467982,0.7459147501096122,0.5897435897435898,0.7692307692307693,0.6275470878006375,0.06426316400366841,0.581575989629952,0.673518185971323,0.5294117647058824,0.7428571428571429,0.7023684210526315,0.062483608192112676,0.6576703404213341,0.747066501683929,0.6105263157894737,0.7921052631578948,0.7023684210526315,NO_EXTREME_FLAG
P-LCR,10,0.6461538461538462,0.06373111754634957,0.6005633510907104,0.691744341216982,0.5128205128205128,0.717948717948718,0.6354289570079044,0.08432807030064161,0.5751042895496702,0.6957536244661385,0.45714285714285713,0.717948717948718,0.7010526315789474,0.07337759933193552,0.6485614591520019,0.7535438040058928,0.5447368421052632,0.7776315789473685,0.7010526315789474,NO_EXTREME_FLAG
PLATELET COUNT,10,0.6487179487179489,0.06401703696093677,0.6029229192270319,0.6945129782088658,0.5641025641025641,0.7692307692307693,0.626033411033411,0.07483748831505481,0.5724978969404149,0.6795689251264072,0.5454545454545454,0.7272727272727273,0.6894736842105262,0.09655898737287277,0.6203995457581007,0.7585478226629517,0.5421052631578946,0.8355263157894736,0.6894736842105262,NO_EXTREME_FLAG
BILRUBIN,10,0.6256410256410256,0.03666258220432002,0.5994141942698001,0.6518678570122511,0.5897435897435898,0.6923076923076923,0.5299434433756065,0.0753397371506851,0.47604864210951764,0.5838382446416954,0.42857142857142855,0.625,0.6873684210526315,0.0783584270527529,0.6313141791180612,0.7434226629872018,0.5723684210526316,0.7921052631578948,0.6873684210526315,NO_EXTREME_FLAG
PDW,10,0.6307692307692309,0.0404518275767495,0.6018317365523536,0.6597067249861082,0.5641025641025641,0.6666666666666666,0.6165283609579438,0.0719377010587154,0.565067229704667,0.6679894922112206,0.45161290322580644,0.6829268292682927,0.6860526315789474,0.051449443579990956,0.6492479168047434,0.7228573463531514,0.5881578947368421,0.7592105263157894,0.6860526315789474,NO_EXTREME_FLAG
MCV,10,0.6358974358974359,0.1045393835994575,0.5611144658917997,0.710680405903072,0.46153846153846156,0.7692307692307693,0.5950970694391747,0.12321749307687467,0.5069525848280619,0.6832415540502875,0.4,0.7692307692307693,0.6722368421052631,0.11009986303329697,0.5934761447360238,0.7509975394745024,0.45,0.8223684210526315,0.6722368421052631,NO_EXTREME_FLAG
SGOT (AST).1,10,0.5846153846153846,0.04490230952671353,0.552494207400624,0.6167365618301452,0.5128205128205128,0.6410256410256411,0.2466883116883117,0.14137655396160032,0.1455536174670477,0.3478230059095757,0.0,0.4166666666666667,0.6696052631578947,0.06527120422950472,0.6229130564501432,0.7162974698656462,0.5842105263157894,0.7605263157894737,0.6696052631578947,NO_EXTREME_FLAG
NEUTRPHILS #,10,0.5923076923076923,0.035136418446315355,0.5671726127204245,0.6174427718949601,0.5384615384615384,0.6410256410256411,0.44476244859865544,0.0470981884226017,0.4110704342510072,0.47845446294630367,0.35714285714285715,0.5,0.6519736842105263,0.07049338608906688,0.6015457536452099,0.7024016147758426,0.5605263157894737,0.7776315789473685,0.6519736842105263,NO_EXTREME_FLAG
HBA1C,10,0.5794871794871794,0.04554841912640765,0.5469038033082523,0.6120705556661066,0.48717948717948717,0.6153846153846154,0.36246786008705045,0.061505903113695734,0.3184691875356185,0.4064665326384824,0.24,0.4827586206896552,0.633421052631579,0.08673837505032703,0.5713721570251208,0.6954699482380372,0.4184210526315789,0.7289473684210527,0.633421052631579,NO_EXTREME_FLAG
PCT,10,0.5256410256410257,0.05020230822423389,0.4897284577562647,0.5615535935257866,0.48717948717948717,0.6666666666666666,0.07183908045977011,0.17656247472856226,0.0,0.19814426609523889,0.0,0.5517241379310345,0.4130263157894737,0.1045856302146676,0.3382102629482684,0.487842368630679,0.3,0.6342105263157894,0.5869736842105263,NO_EXTREME_FLAG
PHOSPHOROUS,10,0.6205128205128204,0.03783921986526266,0.5934442732649936,0.6475813677606472,0.5384615384615384,0.6666666666666666,0.4924447867050759,0.04733242561066328,0.45858520916730855,0.5263043642428432,0.4,0.5517241379310345,0.5851315789473683,0.039794263534837365,0.5566644777090024,0.6135986801857343,0.5171052631578947,0.6447368421052632,0.5851315789473683,NO_EXTREME_FLAG
CHOLESTEROL,10,0.5307692307692309,0.04366509324596513,0.49953310476510493,0.5620053567733568,0.46153846153846156,0.5897435897435898,0.39263027935893213,0.16047781965887462,0.2778313628080048,0.5074291959098595,0.0,0.5714285714285714,0.5771052631578947,0.06079649841693127,0.5336140681554337,0.6205964581603557,0.481578947368421,0.6710526315789473,0.5771052631578947,NO_EXTREME_FLAG
MCH,10,0.5461538461538462,0.059277062852648575,0.5037495898754991,0.5885581024321933,0.4358974358974359,0.6153846153846154,0.40101912547963725,0.07865264806907282,0.34475441050915556,0.45728384045011894,0.23076923076923078,0.5161290322580645,0.5696052631578947,0.08997633576240989,0.5052400699947291,0.6339704563210603,0.45789473684210524,0.7210526315789474,0.5696052631578947,NO_EXTREME_FLAG
TRIGLYCERIDES,10,0.5512820512820513,0.08820413436132606,0.4881846146299533,0.6143794879341493,0.358974358974359,0.6410256410256411,0.45834317370607697,0.11920062829835724,0.37307218105469797,0.543614166357456,0.18181818181818182,0.5625,0.5535526315789473,0.10132632663364148,0.4810681440631416,0.626037119094753,0.3447368421052632,0.6868421052631578,0.5535526315789473,NO_EXTREME_FLAG
LDL,10,0.45897435897435895,0.05466077591562215,0.4198723954364375,0.4980763225122804,0.3333333333333333,0.5128205128205128,0.07363467492260062,0.1433054185411525,0.0,0.17614919574156357,0.0,0.42105263157894735,0.4534210526315789,0.08279419317881237,0.39419365476538276,0.5126484504977751,0.3513157894736842,0.5631578947368421,0.546578947368421,NO_EXTREME_FLAG
VIT B12,10,0.4948717948717949,0.06514816752191283,0.44826760332250926,0.5414759864210805,0.358974358974359,0.5897435897435898,0.3148528615260619,0.12762336025344778,0.2235566094033202,0.4061491136488036,0.09523809523809523,0.5,0.45473684210526316,0.04457400705863405,0.4228505183282963,0.48662316588223004,0.39868421052631575,0.5171052631578947,0.5452631578947369,NO_EXTREME_FLAG
BASOPHILS %,10,0.5333333333333334,0.08090365515349904,0.4754583448995787,0.5912083217670882,0.41025641025641024,0.6410256410256411,0.2733475771540287,0.1589865665056218,0.15961543884485763,0.38707971546319975,0.0,0.5,0.45776315789473687,0.08802239302791844,0.3947957311605955,0.5207305846288782,0.28157894736842104,0.5434210526315789,0.5422368421052631,NO_EXTREME_FLAG
HDL,10,0.4769230769230769,0.0404518275767495,0.4479855827061996,0.5058605711399542,0.41025641025641024,0.5384615384615384,0.14911097842132323,0.137465612705532,0.05077400303650241,0.24744795380614404,0.0,0.4,0.4586842105263158,0.052840229691091666,0.4208845873027833,0.49648383374984834,0.3789473684210526,0.5289473684210526,0.5413157894736842,NO_EXTREME_FLAG
SODIUM (NA),10,0.5871794871794872,0.06778591473127643,0.5386883649477319,0.6356706094112425,0.4358974358974359,0.6666666666666666,0.4013540372670807,0.06284157017609532,0.35639988605846,0.44630818847570136,0.3125,0.5,0.4606578947368421,0.0966315765584986,0.39153182910917916,0.529783960364505,0.30657894736842106,0.6131578947368421,0.539342105263158,NO_EXTREME_FLAG
VIT D,10,0.5128205128205128,0.05268729917067501,0.47513028950089664,0.5505107361401289,0.4358974358974359,0.5897435897435898,0.4618412928849362,0.038364627896830435,0.4343968913732656,0.4892856943966068,0.4,0.5142857142857142,0.5392105263157896,0.0654076640122701,0.49242070216004713,0.586000350471532,0.4644736842105262,0.6328947368421052,0.5392105263157896,NO_EXTREME_FLAG
EOSINOPHILS,10,0.5205128205128204,0.027162818089009756,0.5010817110067423,0.5399439300188986,0.48717948717948717,0.5641025641025641,0.19291387959866219,0.17531964017086077,0.06749776424704612,0.31832999495027825,0.0,0.4375,0.5292105263157894,0.06893866290293099,0.47989477771857547,0.5785262749130032,0.3657894736842105,0.618421052631579,0.5292105263157894,NO_EXTREME_FLAG
MAGNESIUM,10,0.5076923076923077,0.09502182639102424,0.43971778796386335,0.5756668274207519,0.358974358974359,0.6666666666666666,0.3647221724163424,0.14795871082612413,0.2588788868257427,0.4705654580069421,0.1,0.6060606060606061,0.5207894736842106,0.12267348630125834,0.4330341480769394,0.6085447992914818,0.3447368421052632,0.6842105263157895,0.5207894736842106,NO_EXTREME_FLAG
POTASSIUM (K),10,0.5128205128205128,0.012087295404898245,0.5041737825778977,0.5214672430631279,0.48717948717948717,0.5384615384615384,0.01,0.03162277660168379,0.0,0.03262157162854099,0.0,0.1,0.5157894736842106,0.06417912183803628,0.4698784956571042,0.5617004517113169,0.4052631578947368,0.5973684210526315,0.5157894736842106,NO_EXTREME_FLAG
