dataset_hint,experiment,extension,is_raw_asset,modified_time,relative_path,size_bytes
,,.py,0,2025-06-12T19:00:14,actual_column_names.py,277
,,.py,0,2025-06-12T16:36:40,CreatingSubfolders.py,1007
,,.py,0,2026-09-02T07:54:36,get_project_structure.py,1508
COVID-clinical,,.py,0,2025-06-12T18:45:18,preprocess_covid_clinical.py,2023
,,.py,0,2025-06-12T19:58:53,split_and_standardize.py,1419
,,.npy,0,2025-06-12T23:21:08,data\preprocessed\adj_matrix_fully_connected.npy,102528
,,.npy,0,2025-06-12T23:21:08,data\preprocessed\adj_matrix_knn.npy,102528
,,.npy,0,2025-06-12T20:08:05,data\preprocessed\contrastive_embeddings.npy,20608
COVID-clinical,,.csv,0,2025-06-12T18:47:29,data\preprocessed\covid_clinical_balanced.csv,199791
COVID-clinical,,.csv,0,2025-06-12T18:47:29,data\preprocessed\covid_clinical_preprocessed.csv,193088
,,.csv,0,2025-06-12T20:35:59,data\preprocessed\fairness_metrics_summary.csv,392
,,.py,0,2025-06-12T23:20:49,data\preprocessed\generate_graph_features_and_adjacency.py,2193
,,.npy,0,2025-06-12T23:21:08,data\preprocessed\graph_features.npy,20608
,,.csv,0,2025-06-12T19:59:13,data\preprocessed\X_test_scaled.csv,41051
,,.csv,0,2025-06-12T19:59:13,data\preprocessed\X_train_scaled.csv,163051
,,.csv,0,2025-06-12T19:59:13,data\preprocessed\y_test.csv,128
,,.csv,0,2025-06-12T19:59:13,data\preprocessed\y_train.csv,488
COVID-clinical,,.csv,0,2025-06-12T18:47:14,data\raw\covid_clinical.csv,47909
ArSL,,.npy,0,2022-04-22T06:01:28,data\raw\ArSL21L\train.cache.npy,1937040
,new_exp2,.pth,0,2025-10-27T05:25:08,experiments\New_EXP2\encoder_pretrained.pth,1736514
ArSL,new_exp2,.json,0,2025-10-27T05:28:33,experiments\New_EXP2\artifacts\run_config_ArSL.json,841
ArSL,new_exp2,.png,0,2025-10-27T05:28:33,experiments\New_EXP2\figures\gen_curves_ArSL.png,76384
ArSL,new_exp2,.csv,0,2025-10-27T05:28:30,experiments\New_EXP2\metrics\all_seeds_generations_ArSL.csv,1156
ArSL,new_exp2,.csv,0,2025-10-27T01:15:32,experiments\New_EXP2\metrics\per_seed_ArSL_seed42.csv,434
ArSL,new_exp2,.csv,0,2025-10-27T03:13:00,experiments\New_EXP2\metrics\per_seed_ArSL_seed47.csv,436
ArSL,new_exp2,.csv,0,2025-10-27T05:28:30,experiments\New_EXP2\metrics\per_seed_ArSL_seed53.csv,432
ArSL,new_exp2,.csv,0,2025-10-27T05:28:30,experiments\New_EXP2\metrics\summary_by_generation_ArSL.csv,500
,new_exp3,.json,0,2025-10-27T17:43:46,experiments\New_EXP3\run_config.json,512
,new_exp3,.png,0,2025-10-27T17:43:46,experiments\New_EXP3\figures\gen_curves_EXP3.png,87707
,new_exp3,.csv,0,2025-10-27T17:43:44,experiments\New_EXP3\metrics\summary_by_generation.csv,302
,new_exps,.json,0,2025-10-26T00:22:25,experiments\New_EXPs\artifacts\run_config.json,686
,new_exps,.png,0,2025-10-26T00:22:25,experiments\New_EXPs\figures\gen_curves.png,86837
,new_exps,.csv,0,2025-10-26T00:22:24,experiments\New_EXPs\metrics\all_seeds_generations.csv,1473
,new_exps,.csv,0,2025-10-26T00:22:16,experiments\New_EXPs\metrics\per_seed_results_seed42.csv,476
,new_exps,.csv,0,2025-10-26T00:22:20,experiments\New_EXPs\metrics\per_seed_results_seed47.csv,547
,new_exps,.csv,0,2025-10-26T00:22:24,experiments\New_EXPs\metrics\per_seed_results_seed53.csv,556
,new_exps,.csv,0,2025-10-26T00:22:24,experiments\New_EXPs\metrics\summary_by_generation.csv,1393
,,.py,0,2025-06-12T20:27:22,metrics\evaluate_fairness.py,2804
,,.py,0,2025-06-12T20:35:52,metrics\evaluate_fairness1.py,3641
,,.pkl,0,2025-06-12T20:17:43,models\classifiers\ensemble_model.pkl,298512
,,.py,0,2025-06-14T17:37:04,models\classifiers\hfagm_model.py,1965
,,.py,0,2025-06-12T20:17:35,models\classifiers\train_ensemble.py,1644
,,.py,0,2025-06-14T17:27:50,models\classifiers\train_hfagm.py,3411
,,.py,0,2025-06-12T20:07:58,models\encoders\contrastive_encoder.py,2865
,,.py,0,2025-06-13T20:29:05,models\layers\sparse_gat_layer.py,2729
,,.py,0,2025-06-12T22:55:35,training\ensemble\train_hfagm.py,2884
,,.py,0,2025-06-13T00:04:42,training\hfagm\train_hfagm.py,4025
,,.npy,0,2025-06-13T00:18:28,utils\adj_matrix_batch.npy,228
,,.py,0,2025-06-14T17:08:27,utils\extract_batch_subgraph.py,726
,,.py,0,2025-06-13T00:18:21,utils\extract_batch_subgraph1.py,1179
,,.npy,0,2025-06-13T00:18:28,utils\graph_features_batch.npy,768
