variant,original_source_row_index,y_true,times_in_test,times_correct,times_incorrect,error_rate_when_tested,mean_positive_score,min_positive_score,max_positive_score
training_only_oversampled,0,0,3,3,0,0.0,0.0219196488747317,0.02033366697900685,0.024613493903407797
training_only_oversampled,1,0,1,1,0,0.0,0.006756680555776072,0.006756680555776072,0.006756680555776072
training_only_oversampled,2,0,2,2,0,0.0,0.11328383395718829,0.08129952845181823,0.14526813946255834
training_only_oversampled,3,0,1,1,0,0.0,0.0036649701200209793,0.0036649701200209793,0.0036649701200209793
training_only_oversampled,4,0,4,4,0,0.0,0.03773884990214386,0.00448732236133838,0.0677185542188085
training_only_oversampled,5,0,2,2,0,0.0,0.04014009617138664,0.028799677560867154,0.051480514781906135
training_only_oversampled,6,0,1,1,0,0.0,0.19289552168345306,0.19289552168345306,0.19289552168345306
training_only_oversampled,7,0,2,2,0,0.0,0.09365327779388287,0.08137233996073577,0.10593421562702997
training_only_oversampled,8,0,4,4,0,0.0,0.023764148919519997,0.010239561945510558,0.04361891317250447
training_only_oversampled,9,0,4,4,0,0.0,0.009841174436081325,0.0015886138785464086,0.018663286126542448
training_only_oversampled,11,0,3,3,0,0.0,0.00741745910933105,0.004871739148773229,0.012091608121589138
training_only_oversampled,12,0,3,3,0,0.0,0.0713871907672464,0.04461969280476677,0.11376873053103659
training_only_oversampled,13,0,1,1,0,0.0,0.0035963483919313967,0.0035963483919313967,0.0035963483919313967
training_only_oversampled,14,0,3,3,0,0.0,0.010909164756574706,0.0015252008527484892,0.018666347226976906
training_only_oversampled,15,0,1,1,0,0.0,0.004008091143750472,0.004008091143750472,0.004008091143750472
training_only_oversampled,16,0,3,3,0,0.0,0.010811958592703617,0.0047063586533745054,0.015557863668950548
training_only_oversampled,18,0,4,4,0,0.0,0.028963656671050796,0.014602199007009986,0.04594409583088411
training_only_oversampled,19,0,1,1,0,0.0,0.010425931855735161,0.010425931855735161,0.010425931855735161
training_only_oversampled,20,0,3,3,0,0.0,0.012847371767351767,0.0066305424966602924,0.0206109994523407
training_only_oversampled,21,0,1,1,0,0.0,0.007598383129533867,0.007598383129533867,0.007598383129533867
training_only_oversampled,22,0,3,3,0,0.0,0.03472684077080208,0.017164694599858473,0.049564342128870474
training_only_oversampled,23,0,6,6,0,0.0,0.022252706131296787,0.014117262735165685,0.03268539155293334
training_only_oversampled,25,0,2,2,0,0.0,0.007123108203972281,0.003955606693688883,0.01029060971425568
training_only_oversampled,27,0,3,3,0,0.0,0.009334551578323077,0.00022463057781098338,0.027503901070006834
training_only_oversampled,28,0,1,1,0,0.0,0.00022889884619948128,0.00022889884619948128,0.00022889884619948128
training_only_oversampled,29,0,4,4,0,0.0,0.022065366381961753,0.010139745608205774,0.030426658934698914
training_only_oversampled,30,0,1,1,0,0.0,0.007154508937383917,0.007154508937383917,0.007154508937383917
training_only_oversampled,33,0,2,2,0,0.0,0.0037667970063555815,0.00046787163455012265,0.007065722378161041
training_only_oversampled,34,0,1,1,0,0.0,0.00420459744961887,0.00420459744961887,0.00420459744961887
training_only_oversampled,35,0,2,2,0,0.0,0.09207378350679499,0.08215662799318202,0.10199093902040794
training_only_oversampled,36,0,2,2,0,0.0,0.009150700248770672,0.0076136835945545545,0.010687716902986791
training_only_oversampled,37,0,3,3,0,0.0,0.05802579384650286,0.05363329674862377,0.0634406473172378
training_only_oversampled,38,0,2,2,0,0.0,0.08022772063116128,0.06868555689607382,0.09176988436624874
training_only_oversampled,39,0,2,2,0,0.0,0.05302943756380649,0.05256669264238855,0.053492182485224436
training_only_oversampled,40,0,3,3,0,0.0,0.07217962103355961,0.043419484582144195,0.09923984262904373
training_only_oversampled,41,0,1,1,0,0.0,0.04716906103485427,0.04716906103485427,0.04716906103485427
training_only_oversampled,44,0,1,0,1,1.0,0.9017109762585851,0.9017109762585851,0.9017109762585851
training_only_oversampled,45,0,3,0,3,1.0,0.6279814216735761,0.526369016516234,0.7000905264729386
training_only_oversampled,46,0,1,1,0,0.0,0.14809075644198563,0.14809075644198563,0.14809075644198563
training_only_oversampled,47,0,1,1,0,0.0,0.017424766744011878,0.017424766744011878,0.017424766744011878
training_only_oversampled,48,0,3,3,0,0.0,0.037047395858838074,0.016542483444826804,0.06306998290988176
training_only_oversampled,49,0,3,3,0,0.0,0.2392023721378238,0.12620747560846357,0.42243583178761906
training_only_oversampled,50,0,3,3,0,0.0,0.06163202532808116,0.032457881368409686,0.09755428103905978
training_only_oversampled,51,0,4,4,0,0.0,0.10623400017036491,0.0698484963769179,0.17090608887682424
training_only_oversampled,52,0,2,2,0,0.0,0.09450671349673792,0.06437155110270616,0.12464187589076968
training_only_oversampled,53,0,3,3,0,0.0,0.043784762772736324,0.03752424619588507,0.05025061779286636
training_only_oversampled,55,0,3,3,0,0.0,0.11158146338905377,0.08032971648735052,0.13202876264186314
training_only_oversampled,56,0,1,1,0,0.0,0.0365452837979932,0.0365452837979932,0.0365452837979932
training_only_oversampled,57,0,2,2,0,0.0,0.00958546774300429,0.00939817838314432,0.00977275710286426
training_only_oversampled,58,0,2,2,0,0.0,0.001099183976003038,0.0010228414838287588,0.0011755264681773173
training_only_oversampled,59,0,2,2,0,0.0,0.0035340487778192323,0.0034941669199975386,0.0035739306356409265
training_only_oversampled,60,0,4,4,0,0.0,0.01862007654491807,0.013339116379767696,0.029374718448424094
training_only_oversampled,61,0,1,1,0,0.0,0.010049945187679188,0.010049945187679188,0.010049945187679188
training_only_oversampled,63,0,3,3,0,0.0,0.01220227129704844,0.001409200371774003,0.019705964280900035
training_only_oversampled,64,0,3,3,0,0.0,0.09443084930850872,7.712103163928634e-06,0.27986794772039386
training_only_oversampled,65,0,1,1,0,0.0,0.005005362045036063,0.005005362045036063,0.005005362045036063
training_only_oversampled,66,0,1,1,0,0.0,0.02732704990701976,0.02732704990701976,0.02732704990701976
training_only_oversampled,67,0,2,2,0,0.0,0.0003016868084726501,0.00017070184447547026,0.00043267177246982994
training_only_oversampled,68,0,1,1,0,0.0,0.061510411041206116,0.061510411041206116,0.061510411041206116
training_only_oversampled,69,0,3,3,0,0.0,0.003703735222803039,0.003490304321033927,0.003879766745322986
training_only_oversampled,70,0,1,1,0,0.0,0.00730267639048105,0.00730267639048105,0.00730267639048105
training_only_oversampled,71,0,3,3,0,0.0,0.009009593116477296,0.0034986806870369587,0.016760791115168892
training_only_oversampled,72,0,1,1,0,0.0,0.016673967243766925,0.016673967243766925,0.016673967243766925
training_only_oversampled,73,0,2,2,0,0.0,0.005200146442047917,0.0035394407840500606,0.0068608521000457735
training_only_oversampled,74,0,2,2,0,0.0,0.027429539792040922,0.00761151538519907,0.04724756419888277
training_only_oversampled,75,0,3,3,0,0.0,0.0049278567132386,0.0002881743055684944,0.013880663167618561
training_only_oversampled,77,0,3,3,0,0.0,0.03476251329746713,0.020368972374501516,0.050307320564326
training_only_oversampled,78,0,1,1,0,0.0,0.04025536116000676,0.04025536116000676,0.04025536116000676
training_only_oversampled,79,0,1,1,0,0.0,0.08527633688190624,0.08527633688190624,0.08527633688190624
training_only_oversampled,80,0,2,2,0,0.0,0.014708572028203155,0.011744909900285492,0.01767223415612082
training_only_oversampled,81,0,2,2,0,0.0,0.14214228072340307,0.13371370938052277,0.15057085206628337
training_only_oversampled,82,0,3,3,0,0.0,0.004317209735411341,0.0025997999573294252,0.005400935501286903
training_only_oversampled,83,0,1,1,0,0.0,0.03459753046566806,0.03459753046566806,0.03459753046566806
training_only_oversampled,84,0,4,4,0,0.0,0.021545902059245288,0.012232499513718019,0.032773687051262435
training_only_oversampled,86,0,2,2,0,0.0,0.026193618578690424,0.011661141364829588,0.04072609579255126
training_only_oversampled,87,0,2,2,0,0.0,0.05357959361873809,0.0428520286745423,0.06430715856293388
training_only_oversampled,88,0,2,2,0,0.0,0.0010595800851460218,0.0008056262900323301,0.0013135338802597134
training_only_oversampled,89,0,3,3,0,0.0,0.004687441094421374,0.0034628982494937007,0.007079131040242823
training_only_oversampled,90,0,3,3,0,0.0,0.16471719435027135,0.032363675678381144,0.36231891123005244
training_only_oversampled,91,0,4,4,0,0.0,0.02151695613364016,0.0069254184146364745,0.03173487137264994
training_only_oversampled,92,0,3,3,0,0.0,0.002777863485709716,0.001221834223473007,0.005045244339135777
training_only_oversampled,93,0,1,1,0,0.0,0.004660052932237688,0.004660052932237688,0.004660052932237688
training_only_oversampled,94,0,1,1,0,0.0,0.021360816090163857,0.021360816090163857,0.021360816090163857
training_only_oversampled,95,0,3,3,0,0.0,0.08099440936282722,0.0384105178704683,0.15653411240832452
training_only_oversampled,96,0,2,2,0,0.0,0.04543033926480877,0.03775957441184242,0.053101104117775126
training_only_oversampled,97,0,3,3,0,0.0,0.03860934383855616,0.029114005099870426,0.048936867096625314
training_only_oversampled,98,0,2,2,0,0.0,0.007798966921752323,0.006322105142376302,0.009275828701128344
training_only_oversampled,99,0,2,2,0,0.0,0.021748095459449494,0.020131493915572177,0.023364697003326815
training_only_oversampled,100,1,2,2,0,0.0,0.9481396128155661,0.924875590928291,0.9714036347028413
training_only_oversampled,101,1,1,1,0,0.0,0.9732985119450435,0.9732985119450435,0.9732985119450435
training_only_oversampled,102,1,3,3,0,0.0,0.9741357263778762,0.9532021584896126,0.9859362812511212
training_only_oversampled,103,1,3,3,0,0.0,0.8479823097135787,0.6386757601725691,0.955574079065396
training_only_oversampled,104,1,3,3,0,0.0,0.9177825349691119,0.7768875785341139,0.9898746951588868
training_only_oversampled,105,1,4,4,0,0.0,0.9449242110706422,0.8820087011934996,0.9779535216176649
training_only_oversampled,106,1,1,1,0,0.0,0.9599866366646509,0.9599866366646509,0.9599866366646509
training_only_oversampled,107,1,2,2,0,0.0,0.9433723677353316,0.9201756997534295,0.9665690357172338
training_only_oversampled,108,1,2,2,0,0.0,0.7539894466391794,0.5913251198170598,0.9166537734612991
training_only_oversampled,109,1,2,2,0,0.0,0.7473766356517026,0.5921762801457328,0.9025769911576726
training_only_oversampled,110,1,1,1,0,0.0,0.8601591522697939,0.8601591522697939,0.8601591522697939
training_only_oversampled,111,1,2,2,0,0.0,0.9852227696528612,0.9787059646892241,0.9917395746164982
training_only_oversampled,112,1,1,1,0,0.0,0.9929962920010831,0.9929962920010831,0.9929962920010831
training_only_oversampled,114,1,3,3,0,0.0,0.9896396722220939,0.9858038656651904,0.996540855060128
training_only_oversampled,115,1,4,4,0,0.0,0.7551827755532958,0.5391363064074833,0.9298842772679766
training_only_oversampled,117,1,2,2,0,0.0,0.8747033486882668,0.8558120174484168,0.8935946799281168
training_only_oversampled,118,1,3,2,1,0.3333333333333333,0.6566998543787331,0.40081553617280075,0.7851877956987634
training_only_oversampled,119,1,3,3,0,0.0,0.985511730274072,0.9799470461841695,0.9899604645177319
training_only_oversampled,120,1,2,2,0,0.0,0.583909147078431,0.5210481000072642,0.6467701941495978
training_only_oversampled,121,1,2,2,0,0.0,0.983189196710312,0.9764877481911988,0.9898906452294253
training_only_oversampled,122,1,2,2,0,0.0,0.9645994118570784,0.9628814640953949,0.966317359618762
training_only_oversampled,123,1,2,2,0,0.0,0.6174584930492031,0.5798696042366649,0.6550473818617412
training_only_oversampled,124,1,2,2,0,0.0,0.9481373428352169,0.9398751018747862,0.9563995837956476
training_only_oversampled,125,1,2,2,0,0.0,0.7818139731512355,0.7365578454090626,0.8270701008934084
training_only_oversampled,127,1,3,3,0,0.0,0.8853341343115302,0.8431773222976275,0.9097346950559183
training_only_oversampled,128,1,1,1,0,0.0,0.8122380223752055,0.8122380223752055,0.8122380223752055
training_only_oversampled,129,1,4,2,2,0.5,0.40138778518712626,0.1272764000683329,0.516015605839442
training_only_oversampled,132,1,1,1,0,0.0,0.9766583438875945,0.9766583438875945,0.9766583438875945
training_only_oversampled,133,1,1,1,0,0.0,0.9826511429290611,0.9826511429290611,0.9826511429290611
training_only_oversampled,134,1,2,2,0,0.0,0.9849925062650216,0.9799926993664365,0.9899923131636067
training_only_oversampled,136,1,2,2,0,0.0,0.7014179607412514,0.6494087225154668,0.7534271989670361
training_only_oversampled,137,1,2,2,0,0.0,0.7836216809490724,0.7825024783475731,0.7847408835505716
training_only_oversampled,138,1,2,1,1,0.5,0.4862673160423798,0.46821333977432983,0.5043212923104298
training_only_oversampled,139,1,2,2,0,0.0,0.8591697200343938,0.7583521797165308,0.9599872603522569
training_only_oversampled,140,1,2,2,0,0.0,0.9332639135752796,0.9294242642224018,0.9371035629281576
training_only_oversampled,141,1,2,1,1,0.5,0.6580769154157549,0.46080102487880964,0.8553528059527
training_only_oversampled,142,1,2,2,0,0.0,0.9914285963941416,0.9896403717408884,0.993216821047395
training_only_oversampled,143,1,5,5,0,0.0,0.9936598557337863,0.9865064557496188,0.9993504904870675
training_only_oversampled,146,1,1,1,0,0.0,0.993307851491898,0.993307851491898,0.993307851491898
training_only_oversampled,147,1,5,5,0,0.0,0.9794248171615761,0.9617644799692525,0.9896527786783335
training_only_oversampled,148,1,2,2,0,0.0,0.9849782150164813,0.973323549179702,0.9966328808532606
training_only_oversampled,149,1,3,3,0,0.0,0.8343080829996344,0.6255600076773581,0.9587095001623517
training_only_oversampled,151,1,3,3,0,0.0,0.8482008094596213,0.8250533733362482,0.8823744134523475
training_only_oversampled,153,1,2,2,0,0.0,0.9493123144590518,0.9365149662393049,0.9621096626787989
training_only_oversampled,154,1,2,2,0,0.0,0.8051827620175952,0.6638734025178897,0.9464921215173007
training_only_oversampled,157,1,3,3,0,0.0,0.8047209098707814,0.7116957007483276,0.8634597091195876
training_only_oversampled,158,1,3,3,0,0.0,0.9833144423488437,0.9799675235987747,0.9866538756176452
training_only_oversampled,160,1,4,4,0,0.0,0.9512647959175152,0.9268769297300331,0.96635320003581
training_only_oversampled,161,1,3,3,0,0.0,0.9810828754215426,0.9766010557110142,0.9866570484201785
training_only_oversampled,162,1,2,2,0,0.0,0.9899858790495031,0.9866461627335331,0.9933255953654729
training_only_oversampled,163,1,1,1,0,0.0,0.9859294834446849,0.9859294834446849,0.9859294834446849
training_only_oversampled,164,1,2,2,0,0.0,0.8780866543205241,0.8679024964986236,0.8882708121424248
training_only_oversampled,165,1,2,2,0,0.0,0.9610000683075626,0.9468563317259296,0.9751438048891954
training_only_oversampled,166,1,2,2,0,0.0,0.9929793424901073,0.9922943926163018,0.9936642923639128
training_only_oversampled,167,1,1,1,0,0.0,0.9487476266258339,0.9487476266258339,0.9487476266258339
training_only_oversampled,170,1,2,2,0,0.0,0.8905679301498917,0.878661608060059,0.9024742522397244
training_only_oversampled,171,1,3,3,0,0.0,0.9896666953045595,0.9764248579276152,0.9993523890596433
training_only_oversampled,172,1,3,3,0,0.0,0.9907792497583704,0.9865237681159793,0.9964950130248579
training_only_oversampled,173,1,3,3,0,0.0,0.8253640562939797,0.7728570240084524,0.9193709280464916
training_only_oversampled,175,1,4,4,0,0.0,0.9874347731184123,0.979951500035675,0.9932429922916944
training_only_oversampled,176,1,3,3,0,0.0,0.9807092183808385,0.972582376181388,0.9965325694699009
training_only_oversampled,177,1,3,3,0,0.0,0.9379860881638079,0.9195047450377049,0.9492437113639588
training_only_oversampled,179,1,2,2,0,0.0,0.966607071097551,0.9565988790953556,0.9766152630997463
training_only_oversampled,180,1,4,4,0,0.0,0.9613798341751182,0.9321102521691009,0.985396897494958
training_only_oversampled,181,1,2,2,0,0.0,0.9849926047902466,0.9833258515870565,0.9866593579934367
training_only_oversampled,182,1,5,5,0,0.0,0.7741799321028824,0.5448534146249343,0.8732927978047701
training_only_oversampled,183,1,1,1,0,0.0,0.9766374257249365,0.9766374257249365,0.9766374257249365
training_only_oversampled,184,1,2,2,0,0.0,0.9697674613039808,0.9496671102412559,0.9898678123667056
training_only_oversampled,185,1,6,6,0,0.0,0.954695081400037,0.9422102215055039,0.9731527199869366
training_only_oversampled,186,1,4,4,0,0.0,0.8568052231502618,0.7065258046937876,0.9495654478765827
training_only_oversampled,187,1,1,1,0,0.0,0.9866578950744785,0.9866578950744785,0.9866578950744785
training_only_oversampled,188,1,4,4,0,0.0,0.9631754911697786,0.9532400503804972,0.97996849129926
training_only_oversampled,189,1,3,3,0,0.0,0.9627620502449145,0.9556984447892346,0.9694845139511216
training_only_oversampled,190,1,6,6,0,0.0,0.9854582519680753,0.9730474734671745,0.995450133625669
training_only_oversampled,191,1,1,1,0,0.0,0.9733260327562331,0.9733260327562331,0.9733260327562331
training_only_oversampled,192,1,2,2,0,0.0,0.7762675260355698,0.6326066826393839,0.9199283694317558
unbalanced_training,0,0,3,3,0,0.0,0.028669715352443715,0.02426225002185742,0.03107645853498134
unbalanced_training,1,0,1,1,0,0.0,0.006764778882894428,0.006764778882894428,0.006764778882894428
unbalanced_training,2,0,2,2,0,0.0,0.1396547647177499,0.1344407637897538,0.144868765645746
unbalanced_training,3,0,1,1,0,0.0,0.003701632670726733,0.003701632670726733,0.003701632670726733
unbalanced_training,4,0,4,4,0,0.0,0.044188856504199375,0.030867676252880435,0.057906978772597144
unbalanced_training,5,0,2,2,0,0.0,0.04036936852833409,0.03264842286777415,0.04809031418889403
unbalanced_training,6,0,1,1,0,0.0,0.22667559680535143,0.22667559680535143,0.22667559680535143
unbalanced_training,7,0,2,2,0,0.0,0.10443551737419693,0.09128779284866323,0.11758324189973061
unbalanced_training,8,0,4,4,0,0.0,0.01045761583482792,0.00037955886053882417,0.01739719477846016
unbalanced_training,9,0,4,4,0,0.0,0.0066726958268934836,0.0007082969551752285,0.011694665498125255
unbalanced_training,11,0,3,3,0,0.0,0.015326106366167847,0.008881126226039903,0.018722350981911096
unbalanced_training,12,0,3,3,0,0.0,0.07295244189626711,0.043904085078953194,0.10230087583062551
unbalanced_training,13,0,1,1,0,0.0,0.023909071801871244,0.023909071801871244,0.023909071801871244
unbalanced_training,14,0,3,3,0,0.0,0.01440452231577794,0.009938097698024801,0.02166724551355043
unbalanced_training,15,0,1,1,0,0.0,0.004643744372192383,0.004643744372192383,0.004643744372192383
unbalanced_training,16,0,3,3,0,0.0,0.013010569087144578,0.0070920816072646735,0.020449816014813747
unbalanced_training,18,0,4,4,0,0.0,0.11503314522307304,0.01858919813969883,0.37229382381748777
unbalanced_training,19,0,1,1,0,0.0,0.003699535594991034,0.003699535594991034,0.003699535594991034
unbalanced_training,20,0,3,3,0,0.0,0.012155238568559735,0.007917627622180727,0.01555127158761626
unbalanced_training,21,0,1,1,0,0.0,0.010881978022540829,0.010881978022540829,0.010881978022540829
unbalanced_training,22,0,3,3,0,0.0,0.05789355701550495,0.05686012487944785,0.0585064528666863
unbalanced_training,23,0,6,6,0,0.0,0.025965962075777813,0.013764735167280155,0.03359986766822858
unbalanced_training,25,0,2,2,0,0.0,0.0035259657580592246,0.000844138713130918,0.006207792802987532
unbalanced_training,27,0,3,3,0,0.0,0.0029133959214020615,0.0007827845052069249,0.004180527303076893
unbalanced_training,28,0,1,1,0,0.0,0.0037866082780897386,0.0037866082780897386,0.0037866082780897386
unbalanced_training,29,0,4,4,0,0.0,0.03207736296704519,0.030195406444583777,0.03695964833847986
unbalanced_training,30,0,1,1,0,0.0,0.0005254257902199204,0.0005254257902199204,0.0005254257902199204
unbalanced_training,33,0,2,2,0,0.0,0.003727613013564991,0.003695951013299487,0.0037592750138304948
unbalanced_training,34,0,1,1,0,0.0,0.005364422404583668,0.005364422404583668,0.005364422404583668
unbalanced_training,35,0,2,2,0,0.0,0.12418680128405547,0.11933010278177197,0.12904349978633897
unbalanced_training,36,0,2,2,0,0.0,0.039413593555002416,0.03414376701039357,0.04468342009961126
unbalanced_training,37,0,3,3,0,0.0,0.051308104775340195,0.050142785031110575,0.0534992211269924
unbalanced_training,38,0,2,2,0,0.0,0.13266705733555084,0.1260577430740386,0.13927637159706305
unbalanced_training,39,0,2,2,0,0.0,0.06647552306074772,0.06016096728966722,0.07279007883182821
unbalanced_training,40,0,3,3,0,0.0,0.21472658346093373,0.08695163417391553,0.4701379801745924
unbalanced_training,41,0,1,1,0,0.0,0.036861940147796715,0.036861940147796715,0.036861940147796715
unbalanced_training,44,0,1,0,1,1.0,0.8847105205289781,0.8847105205289781,0.8847105205289781
unbalanced_training,45,0,3,0,3,1.0,0.6119304154540162,0.5783371914518277,0.670407844915982
unbalanced_training,46,0,1,1,0,0.0,0.12765384012677083,0.12765384012677083,0.12765384012677083
unbalanced_training,47,0,1,1,0,0.0,0.029713461334565372,0.029713461334565372,0.029713461334565372
unbalanced_training,48,0,3,3,0,0.0,0.04167020343757011,0.034779295283389904,0.04608970293412481
unbalanced_training,49,0,3,3,0,0.0,0.27745240969944485,0.08063110862210678,0.44471589983528553
unbalanced_training,50,0,3,3,0,0.0,0.06088193637941166,0.04297587167879863,0.07581048331170422
unbalanced_training,51,0,4,4,0,0.0,0.11983941341576837,0.07859839387908435,0.15979633269307125
unbalanced_training,52,0,2,2,0,0.0,0.12320901608577,0.10369925206241591,0.14271878010912412
unbalanced_training,53,0,3,3,0,0.0,0.04622618735608943,0.034009073246789104,0.06412292815070951
unbalanced_training,55,0,3,3,0,0.0,0.11509237301869359,0.09539911058984969,0.12524269922235678
unbalanced_training,56,0,1,1,0,0.0,0.043699145960040923,0.043699145960040923,0.043699145960040923
unbalanced_training,57,0,2,2,0,0.0,0.0062239431615874865,0.0027087836152106383,0.009739102707964334
unbalanced_training,58,0,2,2,0,0.0,0.004494554943003406,0.00430732915211887,0.004681780733887942
unbalanced_training,59,0,2,2,0,0.0,0.01047892847949529,0.010359482530871888,0.010598374428118692
unbalanced_training,60,0,4,4,0,0.0,0.01640372934360484,0.010049644908357148,0.025516435097995168
unbalanced_training,61,0,1,1,0,0.0,0.010124402671477928,0.010124402671477928,0.010124402671477928
unbalanced_training,63,0,3,3,0,0.0,0.009402457343707794,0.0070981808820954504,0.01100838834287267
unbalanced_training,64,0,3,3,0,0.0,0.008795832244478316,0.003341805005000101,0.018633395917348434
unbalanced_training,65,0,1,1,0,0.0,0.013245913749732002,0.013245913749732002,0.013245913749732002
unbalanced_training,66,0,1,1,0,0.0,0.03452012929673887,0.03452012929673887,0.03452012929673887
unbalanced_training,67,0,2,2,0,0.0,0.00020492908646263256,0.00012379398813181072,0.0002860641847934544
unbalanced_training,68,0,1,1,0,0.0,0.05079922425852462,0.05079922425852462,0.05079922425852462
unbalanced_training,69,0,3,3,0,0.0,0.0023244580519551955,0.0016154392778405826,0.0036418979308691715
unbalanced_training,70,0,1,1,0,0.0,0.000869389919391876,0.000869389919391876,0.000869389919391876
unbalanced_training,71,0,3,3,0,0.0,0.008996541488097302,0.006768156184989239,0.01339482682164199
unbalanced_training,72,0,1,1,0,0.0,0.1758896363964254,0.1758896363964254,0.1758896363964254
unbalanced_training,73,0,2,2,0,0.0,0.0036780902983117305,0.0035290635322732973,0.003827117064350164
unbalanced_training,74,0,2,2,0,0.0,0.05737449548062978,0.05409764887468397,0.060651342086575584
unbalanced_training,75,0,3,3,0,0.0,0.007233157022595737,0.003731143494081281,0.010597096006001063
unbalanced_training,77,0,3,3,0,0.0,0.03598489193358459,0.033808983463572556,0.037162984724479285
unbalanced_training,78,0,1,1,0,0.0,0.033550630923577164,0.033550630923577164,0.033550630923577164
unbalanced_training,79,0,1,1,0,0.0,0.12508800303984113,0.12508800303984113,0.12508800303984113
unbalanced_training,80,0,2,2,0,0.0,0.027524334207135508,0.021707001493859873,0.03334166692041114
unbalanced_training,81,0,2,2,0,0.0,0.11762767889749164,0.10155771622006543,0.13369764157491784
unbalanced_training,82,0,3,3,0,0.0,0.011999944897785372,0.0051140343847538945,0.022258807298406874
unbalanced_training,83,0,1,1,0,0.0,0.08015527466190013,0.08015527466190013,0.08015527466190013
unbalanced_training,84,0,4,4,0,0.0,0.038218658628695085,0.028300716352836267,0.05864279473386121
unbalanced_training,86,0,2,2,0,0.0,0.03620464078859996,0.03578290934139739,0.03662637223580253
unbalanced_training,87,0,2,2,0,0.0,0.050463200717963466,0.027021955379872273,0.07390444605605466
unbalanced_training,88,0,2,2,0,0.0,0.0011551917627886199,0.0009418857164867914,0.0013684978090904483
unbalanced_training,89,0,3,3,0,0.0,0.00360497989224914,0.00022110295777309208,0.006840707519757527
unbalanced_training,90,0,3,3,0,0.0,0.07850693583216281,0.06949811591174983,0.08943739139831196
unbalanced_training,91,0,4,4,0,0.0,0.025196395325050393,0.012763932695851443,0.03737656634973168
unbalanced_training,92,0,3,3,0,0.0,0.0062753927224635355,0.0009161155990399049,0.01274659422078068
unbalanced_training,93,0,1,1,0,0.0,0.025440094549486883,0.025440094549486883,0.025440094549486883
unbalanced_training,94,0,1,1,0,0.0,0.031332764116253756,0.031332764116253756,0.031332764116253756
unbalanced_training,95,0,3,3,0,0.0,0.07973411306647454,0.06870095661268623,0.09855105337685792
unbalanced_training,96,0,2,2,0,0.0,0.055026443541251135,0.04551115137358999,0.06454173570891228
unbalanced_training,97,0,3,3,0,0.0,0.0591290526096749,0.055766022231456415,0.06360261078151762
unbalanced_training,98,0,2,2,0,0.0,0.013140851562347206,0.009167386766103071,0.017114316358591338
unbalanced_training,99,0,2,2,0,0.0,0.021703471328601155,0.016690541538228045,0.02671640111897426
unbalanced_training,100,1,2,2,0,0.0,0.9751840955107278,0.9704968832020465,0.9798713078194092
unbalanced_training,101,1,1,1,0,0.0,0.9865997515343897,0.9865997515343897,0.9865997515343897
unbalanced_training,102,1,3,3,0,0.0,0.9852396556369819,0.9829096853968947,0.9896902154993475
unbalanced_training,103,1,3,3,0,0.0,0.8545341881229861,0.6515193176980217,0.9632300887035647
unbalanced_training,104,1,3,3,0,0.0,0.9899018236466918,0.9898624167058404,0.9899526360187204
unbalanced_training,105,1,4,4,0,0.0,0.9733132721693913,0.959941353046354,0.985026821737797
unbalanced_training,106,1,1,1,0,0.0,0.9666584383940916,0.9666584383940916,0.9666584383940916
unbalanced_training,107,1,2,2,0,0.0,0.9658251366836679,0.9589484028352487,0.9727018705320871
unbalanced_training,108,1,2,2,0,0.0,0.9582811026754783,0.9566093969341608,0.9599528084167956
unbalanced_training,109,1,2,2,0,0.0,0.9476448115026996,0.9423000279766697,0.9529895950287296
unbalanced_training,110,1,1,1,0,0.0,0.884228386198485,0.884228386198485,0.884228386198485
unbalanced_training,111,1,2,2,0,0.0,0.9934300355245452,0.9885339464141428,0.9983261246349476
unbalanced_training,112,1,1,1,0,0.0,0.9962033078447492,0.9962033078447492,0.9962033078447492
unbalanced_training,114,1,3,3,0,0.0,0.9931545700030942,0.9930303077634033,0.9932533409428924
unbalanced_training,115,1,4,4,0,0.0,0.8579068789434422,0.641511443543528,0.9497026891183795
unbalanced_training,117,1,2,2,0,0.0,0.8895849254697008,0.8892835897254261,0.8898862612139756
unbalanced_training,118,1,3,3,0,0.0,0.8163763088179584,0.7700979144921041,0.8537388738251176
unbalanced_training,119,1,3,3,0,0.0,0.9955098771207359,0.9932638408193303,0.9966334640489047
unbalanced_training,120,1,2,2,0,0.0,0.6644842774374489,0.6272371237612178,0.7017314311136801
unbalanced_training,121,1,2,2,0,0.0,0.9898446339546072,0.9898310976784074,0.9898581702308071
unbalanced_training,122,1,2,2,0,0.0,0.9695463812327099,0.9629696470435309,0.9761231154218889
unbalanced_training,123,1,2,2,0,0.0,0.9338753809729092,0.9171370512938948,0.9506137106519236
unbalanced_training,124,1,2,2,0,0.0,0.9615185625595462,0.9598167576780433,0.963220367441049
unbalanced_training,125,1,2,2,0,0.0,0.8043384354538876,0.7575144414078245,0.8511624294999506
unbalanced_training,127,1,3,3,0,0.0,0.9084889994957003,0.8930858191751824,0.9229640015547651
unbalanced_training,128,1,1,1,0,0.0,0.8709829142928737,0.8709829142928737,0.8709829142928737
unbalanced_training,129,1,4,3,1,0.25,0.4464353490312314,0.1764645237609539,0.5724725780409008
unbalanced_training,132,1,1,1,0,0.0,0.9733223238420653,0.9733223238420653,0.9733223238420653
unbalanced_training,133,1,1,1,0,0.0,0.993028864826771,0.993028864826771,0.993028864826771
unbalanced_training,134,1,2,2,0,0.0,0.98665878651553,0.9833257613269014,0.9899918117041585
unbalanced_training,136,1,2,2,0,0.0,0.7275002657083756,0.7013767467561337,0.7536237846606175
unbalanced_training,137,1,2,2,0,0.0,0.8758606404194866,0.8717109930669581,0.8800102877720152
unbalanced_training,138,1,2,0,2,1.0,0.20660769796901604,0.19728859108917732,0.21592680484885476
unbalanced_training,139,1,2,2,0,0.0,0.9686424890912295,0.9634374818853072,0.9738474962971518
unbalanced_training,140,1,2,2,0,0.0,0.9525959116984113,0.9460504140432059,0.9591414093536166
unbalanced_training,141,1,2,2,0,0.0,0.8370838325621299,0.7899247448114087,0.8842429203128512
unbalanced_training,142,1,2,2,0,0.0,0.9914282086666686,0.9896322809565126,0.9932241363768246
unbalanced_training,143,1,5,5,0,0.0,0.9950840880821497,0.9865144982737727,0.9999230720061346
unbalanced_training,146,1,1,1,0,0.0,0.9896260861568682,0.9896260861568682,0.9896260861568682
unbalanced_training,147,1,5,5,0,0.0,0.9838160623072326,0.975618196824009,0.9887073072382561
unbalanced_training,148,1,2,2,0,0.0,0.9816503883690597,0.9799772642803002,0.9833235124578191
unbalanced_training,149,1,3,3,0,0.0,0.9533470204432049,0.9442602679612183,0.9598720281855592
unbalanced_training,151,1,3,3,0,0.0,0.8346243799052736,0.8136533885386058,0.8707860636027912
unbalanced_training,153,1,2,2,0,0.0,0.9680914571332208,0.9630616339608028,0.9731212803056387
unbalanced_training,154,1,2,2,0,0.0,0.8008719203805807,0.627824430513931,0.9739194102472304
unbalanced_training,157,1,3,3,0,0.0,0.8476862318624709,0.8019086759434223,0.8790706535799228
unbalanced_training,158,1,3,3,0,0.0,0.9866491777621328,0.9766564618969281,0.9933016991658067
unbalanced_training,160,1,4,4,0,0.0,0.9511149344474237,0.9322066079799417,0.9680663308997614
unbalanced_training,161,1,3,3,0,0.0,0.9888646251805803,0.9766153004904936,0.9966563967021468
unbalanced_training,162,1,2,2,0,0.0,0.9882072461039136,0.9833211999674368,0.9930932922403904
unbalanced_training,163,1,1,1,0,0.0,0.9993356063793651,0.9993356063793651,0.9993356063793651
unbalanced_training,164,1,2,2,0,0.0,0.7402051014211002,0.5945107717922481,0.8858994310499524
unbalanced_training,165,1,2,2,0,0.0,0.978963564296178,0.9754839969154907,0.9824431316768653
unbalanced_training,166,1,2,2,0,0.0,0.9987014189397598,0.9986070318856024,0.9987958059939174
unbalanced_training,167,1,1,1,0,0.0,0.9790443938352613,0.9790443938352613,0.9790443938352613
unbalanced_training,170,1,2,2,0,0.0,0.9295235314379637,0.9213770384240191,0.9376700244519084
unbalanced_training,171,1,3,3,0,0.0,0.9875634950399901,0.9795272516153878,0.9932813052080146
unbalanced_training,172,1,3,3,0,0.0,0.9840935903985565,0.9793268103850137,0.989786871551566
unbalanced_training,173,1,3,3,0,0.0,0.8455482651507951,0.7842119011758623,0.899784786646825
unbalanced_training,175,1,4,4,0,0.0,0.9949530691784605,0.9899510554113572,0.9999693431186752
unbalanced_training,176,1,3,3,0,0.0,0.9942031314468546,0.9864342568032605,0.9997788249790384
unbalanced_training,177,1,3,3,0,0.0,0.9416274199301315,0.9297414984298878,0.9496641561410427
unbalanced_training,179,1,2,2,0,0.0,0.9704788396502726,0.9643978480463037,0.9765598312542414
unbalanced_training,180,1,4,4,0,0.0,0.7230113328135094,0.6318483401437066,0.9789298358444999
unbalanced_training,181,1,2,2,0,0.0,0.9883257311879754,0.9866590425382045,0.9899924198377464
unbalanced_training,182,1,5,5,0,0.0,0.8194393086868414,0.709092956617492,0.8589376531168754
unbalanced_training,183,1,1,1,0,0.0,0.9699855747049314,0.9699855747049314,0.9699855747049314
unbalanced_training,184,1,2,2,0,0.0,0.9864217758617442,0.9797101003829006,0.9931334513405877
unbalanced_training,185,1,6,6,0,0.0,0.9782683963103315,0.9599378166411067,0.9932940568192722
unbalanced_training,186,1,4,4,0,0.0,0.9281002095152577,0.8921535069743047,0.9624873375124542
unbalanced_training,187,1,1,1,0,0.0,0.9899910537623264,0.9899910537623264,0.9899910537623264
unbalanced_training,188,1,4,4,0,0.0,0.9757084207883643,0.9699451816815069,0.9799716271413553
unbalanced_training,189,1,3,3,0,0.0,0.9640161550007741,0.9558452044979759,0.9765080192831027
unbalanced_training,190,1,6,6,0,0.0,0.9941388652378768,0.9893321330751292,0.9997916441461
unbalanced_training,191,1,1,1,0,0.0,0.9766590975528248,0.9766590975528248,0.9766590975528248
unbalanced_training,192,1,2,2,0,0.0,0.9318744983548837,0.9203214608191513,0.943427535890616
