seed,variant,sensitive_attribute,group,is_reference_group,n,n_true_favorable,n_true_unfavorable,n_pred_favorable,n_pred_unfavorable,favorable_prediction_rate,favorable_true_positive_rate,false_favorable_rate,subgroup_size_flag
42,training_only_oversampled,Gender,F,0,11,4,7,4,7,0.36363636363636365,1.0,0.0,ADEQUATE_FOR_DESCRIPTIVE_REPORTING
42,training_only_oversampled,Gender,M,1,28,16,12,16,12,0.5714285714285714,1.0,0.0,ADEQUATE_FOR_DESCRIPTIVE_REPORTING
42,training_only_oversampled,Nationality,NS,0,25,13,12,13,12,0.52,1.0,0.0,ADEQUATE_FOR_DESCRIPTIVE_REPORTING
42,training_only_oversampled,Nationality,S,1,14,7,7,7,7,0.5,1.0,0.0,ADEQUATE_FOR_DESCRIPTIVE_REPORTING
42,unbalanced_training,Gender,F,0,11,4,7,4,7,0.36363636363636365,1.0,0.0,ADEQUATE_FOR_DESCRIPTIVE_REPORTING
42,unbalanced_training,Gender,M,1,28,16,12,16,12,0.5714285714285714,1.0,0.0,ADEQUATE_FOR_DESCRIPTIVE_REPORTING
42,unbalanced_training,Nationality,NS,0,25,13,12,13,12,0.52,1.0,0.0,ADEQUATE_FOR_DESCRIPTIVE_REPORTING
42,unbalanced_training,Nationality,S,1,14,7,7,7,7,0.5,1.0,0.0,ADEQUATE_FOR_DESCRIPTIVE_REPORTING
47,training_only_oversampled,Gender,F,0,9,8,1,8,1,0.8888888888888888,1.0,0.0,SMALL_SUBGROUP
47,training_only_oversampled,Gender,M,1,30,12,18,11,19,0.36666666666666664,0.9166666666666666,0.0,ADEQUATE_FOR_DESCRIPTIVE_REPORTING
47,training_only_oversampled,Nationality,NS,0,20,8,12,8,12,0.4,1.0,0.0,ADEQUATE_FOR_DESCRIPTIVE_REPORTING
47,training_only_oversampled,Nationality,S,1,19,12,7,11,8,0.5789473684210527,0.9166666666666666,0.0,ADEQUATE_FOR_DESCRIPTIVE_REPORTING
47,unbalanced_training,Gender,F,0,9,8,1,8,1,0.8888888888888888,1.0,0.0,SMALL_SUBGROUP
47,unbalanced_training,Gender,M,1,30,12,18,11,19,0.36666666666666664,0.9166666666666666,0.0,ADEQUATE_FOR_DESCRIPTIVE_REPORTING
47,unbalanced_training,Nationality,NS,0,20,8,12,8,12,0.4,1.0,0.0,ADEQUATE_FOR_DESCRIPTIVE_REPORTING
47,unbalanced_training,Nationality,S,1,19,12,7,11,8,0.5789473684210527,0.9166666666666666,0.0,ADEQUATE_FOR_DESCRIPTIVE_REPORTING
53,training_only_oversampled,Gender,F,0,11,4,7,4,7,0.36363636363636365,1.0,0.0,ADEQUATE_FOR_DESCRIPTIVE_REPORTING
53,training_only_oversampled,Gender,M,1,28,16,12,17,11,0.6071428571428571,1.0,0.08333333333333333,ADEQUATE_FOR_DESCRIPTIVE_REPORTING
53,training_only_oversampled,Nationality,NS,0,17,10,7,11,6,0.6470588235294118,1.0,0.14285714285714285,ADEQUATE_FOR_DESCRIPTIVE_REPORTING
53,training_only_oversampled,Nationality,S,1,22,10,12,10,12,0.45454545454545453,1.0,0.0,ADEQUATE_FOR_DESCRIPTIVE_REPORTING
53,unbalanced_training,Gender,F,0,11,4,7,4,7,0.36363636363636365,1.0,0.0,ADEQUATE_FOR_DESCRIPTIVE_REPORTING
53,unbalanced_training,Gender,M,1,28,16,12,18,10,0.6428571428571429,1.0,0.16666666666666666,ADEQUATE_FOR_DESCRIPTIVE_REPORTING
53,unbalanced_training,Nationality,NS,0,17,10,7,11,6,0.6470588235294118,1.0,0.14285714285714285,ADEQUATE_FOR_DESCRIPTIVE_REPORTING
53,unbalanced_training,Nationality,S,1,22,10,12,11,11,0.5,1.0,0.08333333333333333,ADEQUATE_FOR_DESCRIPTIVE_REPORTING
59,training_only_oversampled,Gender,F,0,15,3,12,3,12,0.2,1.0,0.0,ADEQUATE_FOR_DESCRIPTIVE_REPORTING
59,training_only_oversampled,Gender,M,1,24,17,7,15,9,0.625,0.8823529411764706,0.0,ADEQUATE_FOR_DESCRIPTIVE_REPORTING
59,training_only_oversampled,Nationality,NS,0,11,6,5,6,5,0.5454545454545454,1.0,0.0,ADEQUATE_FOR_DESCRIPTIVE_REPORTING
59,training_only_oversampled,Nationality,S,1,28,14,14,12,16,0.42857142857142855,0.8571428571428571,0.0,ADEQUATE_FOR_DESCRIPTIVE_REPORTING
59,unbalanced_training,Gender,F,0,15,3,12,3,12,0.2,1.0,0.0,ADEQUATE_FOR_DESCRIPTIVE_REPORTING
59,unbalanced_training,Gender,M,1,24,17,7,15,9,0.625,0.8823529411764706,0.0,ADEQUATE_FOR_DESCRIPTIVE_REPORTING
59,unbalanced_training,Nationality,NS,0,11,6,5,6,5,0.5454545454545454,1.0,0.0,ADEQUATE_FOR_DESCRIPTIVE_REPORTING
59,unbalanced_training,Nationality,S,1,28,14,14,12,16,0.42857142857142855,0.8571428571428571,0.0,ADEQUATE_FOR_DESCRIPTIVE_REPORTING
71,training_only_oversampled,Gender,F,0,12,6,6,6,6,0.5,1.0,0.0,ADEQUATE_FOR_DESCRIPTIVE_REPORTING
71,training_only_oversampled,Gender,M,1,27,14,13,13,14,0.48148148148148145,0.9285714285714286,0.0,ADEQUATE_FOR_DESCRIPTIVE_REPORTING
71,training_only_oversampled,Nationality,NS,0,19,9,10,9,10,0.47368421052631576,1.0,0.0,ADEQUATE_FOR_DESCRIPTIVE_REPORTING
71,training_only_oversampled,Nationality,S,1,20,11,9,10,10,0.5,0.9090909090909091,0.0,ADEQUATE_FOR_DESCRIPTIVE_REPORTING
71,unbalanced_training,Gender,F,0,12,6,6,6,6,0.5,1.0,0.0,ADEQUATE_FOR_DESCRIPTIVE_REPORTING
71,unbalanced_training,Gender,M,1,27,14,13,13,14,0.48148148148148145,0.9285714285714286,0.0,ADEQUATE_FOR_DESCRIPTIVE_REPORTING
71,unbalanced_training,Nationality,NS,0,19,9,10,9,10,0.47368421052631576,1.0,0.0,ADEQUATE_FOR_DESCRIPTIVE_REPORTING
71,unbalanced_training,Nationality,S,1,20,11,9,10,10,0.5,0.9090909090909091,0.0,ADEQUATE_FOR_DESCRIPTIVE_REPORTING
83,training_only_oversampled,Gender,F,0,6,3,3,3,3,0.5,1.0,0.0,SMALL_SUBGROUP
83,training_only_oversampled,Gender,M,1,33,17,16,17,16,0.5151515151515151,1.0,0.0,ADEQUATE_FOR_DESCRIPTIVE_REPORTING
83,training_only_oversampled,Nationality,NS,0,17,8,9,8,9,0.47058823529411764,1.0,0.0,ADEQUATE_FOR_DESCRIPTIVE_REPORTING
83,training_only_oversampled,Nationality,S,1,22,12,10,12,10,0.5454545454545454,1.0,0.0,ADEQUATE_FOR_DESCRIPTIVE_REPORTING
83,unbalanced_training,Gender,F,0,6,3,3,3,3,0.5,1.0,0.0,SMALL_SUBGROUP
83,unbalanced_training,Gender,M,1,33,17,16,17,16,0.5151515151515151,1.0,0.0,ADEQUATE_FOR_DESCRIPTIVE_REPORTING
83,unbalanced_training,Nationality,NS,0,17,8,9,8,9,0.47058823529411764,1.0,0.0,ADEQUATE_FOR_DESCRIPTIVE_REPORTING
83,unbalanced_training,Nationality,S,1,22,12,10,12,10,0.5454545454545454,1.0,0.0,ADEQUATE_FOR_DESCRIPTIVE_REPORTING
97,training_only_oversampled,Gender,F,0,11,4,7,5,6,0.45454545454545453,1.0,0.14285714285714285,ADEQUATE_FOR_DESCRIPTIVE_REPORTING
97,training_only_oversampled,Gender,M,1,28,16,12,17,11,0.6071428571428571,1.0,0.08333333333333333,ADEQUATE_FOR_DESCRIPTIVE_REPORTING
97,training_only_oversampled,Nationality,NS,0,20,11,9,12,8,0.6,1.0,0.1111111111111111,ADEQUATE_FOR_DESCRIPTIVE_REPORTING
97,training_only_oversampled,Nationality,S,1,19,9,10,10,9,0.5263157894736842,1.0,0.1,ADEQUATE_FOR_DESCRIPTIVE_REPORTING
97,unbalanced_training,Gender,F,0,11,4,7,4,7,0.36363636363636365,1.0,0.0,ADEQUATE_FOR_DESCRIPTIVE_REPORTING
97,unbalanced_training,Gender,M,1,28,16,12,16,12,0.5714285714285714,1.0,0.0,ADEQUATE_FOR_DESCRIPTIVE_REPORTING
97,unbalanced_training,Nationality,NS,0,20,11,9,11,9,0.55,1.0,0.0,ADEQUATE_FOR_DESCRIPTIVE_REPORTING
97,unbalanced_training,Nationality,S,1,19,9,10,9,10,0.47368421052631576,1.0,0.0,ADEQUATE_FOR_DESCRIPTIVE_REPORTING
101,training_only_oversampled,Gender,F,0,12,6,6,6,6,0.5,1.0,0.0,ADEQUATE_FOR_DESCRIPTIVE_REPORTING
101,training_only_oversampled,Gender,M,1,27,14,13,14,13,0.5185185185185185,1.0,0.0,ADEQUATE_FOR_DESCRIPTIVE_REPORTING
101,training_only_oversampled,Nationality,NS,0,24,13,11,13,11,0.5416666666666666,1.0,0.0,ADEQUATE_FOR_DESCRIPTIVE_REPORTING
101,training_only_oversampled,Nationality,S,1,15,7,8,7,8,0.4666666666666667,1.0,0.0,ADEQUATE_FOR_DESCRIPTIVE_REPORTING
101,unbalanced_training,Gender,F,0,12,6,6,6,6,0.5,1.0,0.0,ADEQUATE_FOR_DESCRIPTIVE_REPORTING
101,unbalanced_training,Gender,M,1,27,14,13,14,13,0.5185185185185185,1.0,0.0,ADEQUATE_FOR_DESCRIPTIVE_REPORTING
101,unbalanced_training,Nationality,NS,0,24,13,11,13,11,0.5416666666666666,1.0,0.0,ADEQUATE_FOR_DESCRIPTIVE_REPORTING
101,unbalanced_training,Nationality,S,1,15,7,8,7,8,0.4666666666666667,1.0,0.0,ADEQUATE_FOR_DESCRIPTIVE_REPORTING
113,training_only_oversampled,Gender,F,0,11,4,7,4,7,0.36363636363636365,1.0,0.0,ADEQUATE_FOR_DESCRIPTIVE_REPORTING
113,training_only_oversampled,Gender,M,1,28,16,12,16,12,0.5714285714285714,1.0,0.0,ADEQUATE_FOR_DESCRIPTIVE_REPORTING
113,training_only_oversampled,Nationality,NS,0,20,12,8,12,8,0.6,1.0,0.0,ADEQUATE_FOR_DESCRIPTIVE_REPORTING
113,training_only_oversampled,Nationality,S,1,19,8,11,8,11,0.42105263157894735,1.0,0.0,ADEQUATE_FOR_DESCRIPTIVE_REPORTING
113,unbalanced_training,Gender,F,0,11,4,7,4,7,0.36363636363636365,1.0,0.0,ADEQUATE_FOR_DESCRIPTIVE_REPORTING
113,unbalanced_training,Gender,M,1,28,16,12,16,12,0.5714285714285714,1.0,0.0,ADEQUATE_FOR_DESCRIPTIVE_REPORTING
113,unbalanced_training,Nationality,NS,0,20,12,8,12,8,0.6,1.0,0.0,ADEQUATE_FOR_DESCRIPTIVE_REPORTING
113,unbalanced_training,Nationality,S,1,19,8,11,8,11,0.42105263157894735,1.0,0.0,ADEQUATE_FOR_DESCRIPTIVE_REPORTING
127,training_only_oversampled,Gender,F,0,12,4,8,5,7,0.4166666666666667,1.0,0.125,ADEQUATE_FOR_DESCRIPTIVE_REPORTING
127,training_only_oversampled,Gender,M,1,27,16,11,17,10,0.6296296296296297,1.0,0.09090909090909091,ADEQUATE_FOR_DESCRIPTIVE_REPORTING
127,training_only_oversampled,Nationality,NS,0,15,9,6,9,6,0.6,1.0,0.0,ADEQUATE_FOR_DESCRIPTIVE_REPORTING
127,training_only_oversampled,Nationality,S,1,24,11,13,13,11,0.5416666666666666,1.0,0.15384615384615385,ADEQUATE_FOR_DESCRIPTIVE_REPORTING
127,unbalanced_training,Gender,F,0,12,4,8,4,8,0.3333333333333333,1.0,0.0,ADEQUATE_FOR_DESCRIPTIVE_REPORTING
127,unbalanced_training,Gender,M,1,27,16,11,17,10,0.6296296296296297,1.0,0.09090909090909091,ADEQUATE_FOR_DESCRIPTIVE_REPORTING
127,unbalanced_training,Nationality,NS,0,15,9,6,9,6,0.6,1.0,0.0,ADEQUATE_FOR_DESCRIPTIVE_REPORTING
127,unbalanced_training,Nationality,S,1,24,11,13,12,12,0.5,1.0,0.07692307692307693,ADEQUATE_FOR_DESCRIPTIVE_REPORTING
