feature,n_total,n_valid,n_missing,point_biserial_r,point_biserial_p,abs_correlation,raw_auc_class1_high,directionless_auc,mean_class_0,mean_class_1,median_class_0,median_class_1,statistical_strength_flag
Age,193,193,0,0.7800427139750351,9.478037908797848e-41,0.7800427139750351,0.9562365591397849,0.9562365591397849,34.57,65.75268817204301,33.0,65.0,VERY_HIGH_SINGLE_FEATURE_SEPARATION
BLOOD UREA,193,193,0,0.581565956620196,7.416101694048099e-19,0.581565956620196,0.9206989247311828,0.9206989247311828,27.943499999999993,92.6247311827957,23.55,77.0,HIGH_SINGLE_FEATURE_SEPARATION
PT,193,193,0,0.4730494434270324,3.734559016534262e-12,0.4730494434270324,0.9056451612903225,0.9056451612903225,13.445,18.99247311827957,13.5,16.1,HIGH_SINGLE_FEATURE_SEPARATION
ALBUMIN,193,193,0,-0.7461591481891678,1.3831836985754306e-35,0.7461591481891678,0.09860215053763441,0.9013978494623656,4.4138,2.910645161290323,4.385,2.8,HIGH_SINGLE_FEATURE_SEPARATION
LDH,193,193,0,0.2798898956862059,8.074496745162661e-05,0.2798898956862059,0.893709677419355,0.893709677419355,186.16,915.505376344086,181.5,397.0,NO_EXTREME_UNIVARIATE_FLAG
CALClUM,193,193,0,-0.6555819856199123,4.393211870292629e-25,0.6555819856199123,0.10801075268817205,0.8919892473118279,9.4347,7.925376344086021,9.49,7.9,NO_EXTREME_UNIVARIATE_FLAG
INR,193,193,0,0.09957791379305309,0.1682585610977845,0.09957791379305309,0.8828494623655915,0.8828494623655915,1.0203000000000002,2.9081720430107523,1.01,1.24,NO_EXTREME_UNIVARIATE_FLAG
WBC,193,193,0,0.5961041132290805,5.924039665559998e-20,0.5961041132290805,0.8686559139784946,0.8686559139784946,7.3211,16.413655913978495,6.89,14.48,NO_EXTREME_UNIVARIATE_FLAG
HEMO,193,193,0,-0.6266111164873007,1.903055209478818e-22,0.6266111164873007,0.1359677419354839,0.8640322580645161,14.646999999999998,11.231182795698924,14.8,11.1,NO_EXTREME_UNIVARIATE_FLAG
CRP,193,193,0,0.49125763426856733,4.051044118815251e-13,0.49125763426856733,0.8616666666666667,0.8616666666666667,1.12987,14.169107526881719,0.39449999999999996,8.95,NO_EXTREME_UNIVARIATE_FLAG
GLUCOSE,193,193,0,0.5006938584135123,1.215437044426839e-13,0.5006938584135123,0.856989247311828,0.856989247311828,104.847,220.36451612903232,98.9,169.4,NO_EXTREME_UNIVARIATE_FLAG
RDW-CV,193,193,0,0.14349040293266663,0.046503210306187995,0.14349040293266663,0.8546236559139785,0.8546236559139785,14.246000000000002,20.03763440860215,13.0,15.7,NO_EXTREME_UNIVARIATE_FLAG
RBC,193,193,0,-0.5953253949477215,6.804833058042516e-20,0.5953253949477215,0.1517741935483871,0.8482258064516129,5.339799999999999,4.160860215053764,5.38,4.08,NO_EXTREME_UNIVARIATE_FLAG
RDW-SD,193,193,0,0.15811891058452038,0.028075970942081852,0.15811891058452038,0.8370967741935483,0.8370967741935483,43.056999999999995,49.63118279569891,40.1,49.9,NO_EXTREME_UNIVARIATE_FLAG
HEMA,193,193,0,-0.19679772759938374,0.006085861720102421,0.19679772759938374,0.16301075268817206,0.8369892473118279,49.77600000000001,36.491397849462366,45.8,37.0,NO_EXTREME_UNIVARIATE_FLAG
SGOT (AST),193,193,0,0.27757098307259565,9.299976675508403e-05,0.27757098307259565,0.8259139784946237,0.8259139784946237,22.51,136.89247311827958,19.5,43.0,NO_EXTREME_UNIVARIATE_FLAG
PTT,193,193,0,0.431999718053367,3.5391252414729637e-10,0.431999718053367,0.8132795698924731,0.8132795698924731,34.075,47.78591397849461,34.5,42.1,NO_EXTREME_UNIVARIATE_FLAG
D-DIMER,193,193,0,0.25275405434234344,0.0003906538680709491,0.25275405434234344,0.7815591397849462,0.7815591397849462,0.37351000000000006,4.309440860215054,0.2575,1.33,NO_EXTREME_UNIVARIATE_FLAG
MCHC,193,193,0,-0.4485920282377401,6.046618772294864e-11,0.4485920282377401,0.22182795698924732,0.7781720430107527,32.330000000000005,30.69032258064516,32.45,30.8,NO_EXTREME_UNIVARIATE_FLAG
LYMPHOCYTE %,193,193,0,-0.4814409817622467,1.363734320826125e-12,0.4814409817622467,0.23231182795698924,0.7676881720430108,36.471,24.45913978494623,35.45,26.5,NO_EXTREME_UNIVARIATE_FLAG
NEUTRPHILS,193,193,0,0.4334219445393318,3.053029251646358e-10,0.4334219445393318,0.7409139784946237,0.7409139784946237,52.944900000000004,67.73655913978494,52.6,66.7,NO_EXTREME_UNIVARIATE_FLAG
CREATININE,193,193,0,0.3613804234400101,2.4248676405760794e-07,0.3613804234400101,0.7406451612903225,0.7406451612903225,0.7831139999999999,2.028817204301075,0.745,1.18,NO_EXTREME_UNIVARIATE_FLAG
FERRITIN,193,193,0,0.24987211176117163,0.0004573935504999154,0.24987211176117163,0.7383870967741935,0.7383870967741935,220.93,1678.8279569892472,197.5,370.0,NO_EXTREME_UNIVARIATE_FLAG
MONOCYTES,193,193,0,-0.4071123592266186,4.214319620397951e-09,0.4071123592266186,0.2631182795698925,0.7368817204301075,7.997000000000001,5.291397849462366,7.65,5.1,NO_EXTREME_UNIVARIATE_FLAG
CPK,193,193,0,0.26830039579594117,0.00016159397333809374,0.26830039579594117,0.7365053763440861,0.7365053763440861,89.93,402.8494623655914,81.0,163.0,NO_EXTREME_UNIVARIATE_FLAG
SGPT (ALT),193,193,0,0.1979203465700542,0.005796380493161751,0.1979203465700542,0.7356989247311827,0.7356989247311827,24.914299999999997,159.21505376344086,18.0,31.0,NO_EXTREME_UNIVARIATE_FLAG
ESR,193,193,0,0.47635851356606207,2.5184594396858064e-12,0.47635851356606207,0.7198387096774193,0.7198387096774193,14.31,50.86021505376344,8.0,42.0,NO_EXTREME_UNIVARIATE_FLAG
MPV,193,193,0,0.10736777212771811,0.13722338054539776,0.10736777212771811,0.7030645161290323,0.7030645161290323,10.878,11.43763440860215,10.6,11.4,NO_EXTREME_UNIVARIATE_FLAG
P-LCR,193,193,0,0.3374782330335506,1.5906431599195392e-06,0.3374782330335506,0.6952150537634407,0.6952150537634407,28.855,34.88064516129032,29.95,35.2,NO_EXTREME_UNIVARIATE_FLAG
SGOT (AST).1,193,193,0,0.17041743057586403,0.017812423437932767,0.17041743057586403,0.6905913978494623,0.6905913978494623,22.92,258.01075268817203,25.0,33.0,NO_EXTREME_UNIVARIATE_FLAG
CHLORIDE,193,193,0,-0.2039947406839478,0.004433340425084808,0.2039947406839478,0.31209677419354837,0.6879032258064517,100.543,97.03225806451613,102.15,97.2,NO_EXTREME_UNIVARIATE_FLAG
PDW,193,193,0,0.27981961602757055,8.109298589481148e-05,0.27981961602757055,0.6877956989247311,0.6877956989247311,12.380999999999998,14.832258064516132,12.25,14.0,NO_EXTREME_UNIVARIATE_FLAG
BILRUBIN,193,193,0,0.18552560175198038,0.009790961546460027,0.18552560175198038,0.6793548387096775,0.6793548387096775,0.5097299999999999,1.2175806451612903,0.476,0.659,NO_EXTREME_UNIVARIATE_FLAG
PLATELET COUNT,193,193,0,-0.269947879263048,0.00014669331932749805,0.269947879263048,0.33779569892473127,0.6622043010752687,277.13,215.15806451612903,266.0,211.0,NO_EXTREME_UNIVARIATE_FLAG
NEUTRPHILS #,193,193,0,0.23649988113316464,0.0009285701792080877,0.23649988113316464,0.6571505376344084,0.6571505376344084,4.4067,6.855483870967743,3.83,5.46,NO_EXTREME_UNIVARIATE_FLAG
MCV,193,193,0,0.20896679000444918,0.003540182336246,0.20896679000444918,0.6405376344086021,0.6405376344086021,85.55300000000001,88.60548387096773,86.30000000000001,88.6,NO_EXTREME_UNIVARIATE_FLAG
HBA1C,193,193,0,0.22819282409356495,0.0014139864185565999,0.22819282409356495,0.62,0.62,5.4643999999999995,6.252258064516128,5.265000000000001,5.53,NO_EXTREME_UNIVARIATE_FLAG
PHOSPHOROUS,193,193,0,0.3043206886461608,1.6865794005559467e-05,0.3043206886461608,0.5795161290322582,0.5795161290322582,3.6148,4.786774193548388,3.67,3.78,NO_EXTREME_UNIVARIATE_FLAG
MCH,193,193,0,-0.10520439247088745,0.14536617744070665,0.10520439247088745,0.42715053763440863,0.5728494623655913,27.743000000000002,27.173763440860217,28.2,27.7,NO_EXTREME_UNIVARIATE_FLAG
PCT,193,193,0,0.037653123215180065,0.6031470301445931,0.037653123215180065,0.4344086021505376,0.5655913978494624,0.3798,0.519236559139785,0.27,0.26,NO_EXTREME_UNIVARIATE_FLAG
VIT D,193,193,0,0.10628762391822871,0.14124424018094583,0.10628762391822871,0.5594623655913978,0.5594623655913978,48.82,51.44086021505376,49.0,51.0,NO_EXTREME_UNIVARIATE_FLAG
TRIGLYCERIDES,193,193,0,-0.10099432152221187,0.16225743119711505,0.10099432152221187,0.4605376344086021,0.5394623655913979,135.549,124.54193548387096,129.15,120.5,NO_EXTREME_UNIVARIATE_FLAG
CHOLESTEROL,193,193,0,-0.07703865450322976,0.2869274423480436,0.07703865450322976,0.46317204301075265,0.5368279569892473,130.6,123.84946236559139,131.5,123.0,NO_EXTREME_UNIVARIATE_FLAG
MAGNESIUM,193,193,0,0.10506925909523623,0.1458867363943811,0.10506925909523623,0.5367204301075269,0.5367204301075269,2.1157999999999997,2.190967741935484,2.13,2.18,NO_EXTREME_UNIVARIATE_FLAG
VIT B12,193,193,0,0.05659684722875063,0.4343393036507101,0.05659684722875063,0.5258602150537635,0.5258602150537635,409.28,431.2043010752688,400.0,386.0,NO_EXTREME_UNIVARIATE_FLAG
SODIUM (NA),193,193,0,0.09802663735938585,0.17501908203776081,0.09802663735938585,0.4786559139784946,0.5213440860215054,136.5902,139.58064516129033,139.0,138.0,NO_EXTREME_UNIVARIATE_FLAG
HDL,193,193,0,0.01328903847578871,0.8544637486871469,0.01328903847578871,0.5208602150537635,0.5208602150537635,43.503,43.69462365591398,42.8,43.5,NO_EXTREME_UNIVARIATE_FLAG
EOSINOPHILS,193,193,0,0.04248090777245505,0.5574758885936096,0.04248090777245505,0.5206451612903226,0.5206451612903226,2.516,2.6784946236559137,2.25,2.5,NO_EXTREME_UNIVARIATE_FLAG
POTASSIUM (K),193,193,0,-0.062155910771942144,0.3904956530634453,0.062155910771942144,0.5075806451612903,0.5075806451612903,5.452600000000001,4.55268817204301,4.385,4.54,NO_EXTREME_UNIVARIATE_FLAG
LDL,193,193,0,0.0061062087899329195,0.9328339043580964,0.0061062087899329195,0.4949462365591398,0.5050537634408603,80.198,80.69247311827957,74.44999999999999,74.8,NO_EXTREME_UNIVARIATE_FLAG
BASOPHILS %,193,193,0,0.036852241681805294,0.6108820330339174,0.036852241681805294,0.4975806451612903,0.5024193548387097,0.4492999999999999,0.4709677419354839,0.4,0.4,NO_EXTREME_UNIVARIATE_FLAG
