condition,training_source,common_test_position,original_source_row_index,y_true,y_pred,correct,y_score_positive,score_source
real_training_unbalanced,data\raw\covid_clinical.csv,0,87,0,0,1,0.07390444605605466,predict_proba_positive_class
real_training_unbalanced,data\raw\covid_clinical.csv,1,136,1,1,1,0.7013767467561337,predict_proba_positive_class
real_training_unbalanced,data\raw\covid_clinical.csv,2,104,1,1,1,0.9899526360187204,predict_proba_positive_class
real_training_unbalanced,data\raw\covid_clinical.csv,3,132,1,1,1,0.9733223238420653,predict_proba_positive_class
real_training_unbalanced,data\raw\covid_clinical.csv,4,1,0,0,1,0.006764778882894428,predict_proba_positive_class
real_training_unbalanced,data\raw\covid_clinical.csv,5,91,0,0,1,0.03737656634973168,predict_proba_positive_class
real_training_unbalanced,data\raw\covid_clinical.csv,6,143,1,1,1,0.9961881545659371,predict_proba_positive_class
real_training_unbalanced,data\raw\covid_clinical.csv,7,20,0,0,1,0.012996816495882219,predict_proba_positive_class
real_training_unbalanced,data\raw\covid_clinical.csv,8,52,0,0,1,0.14271878010912412,predict_proba_positive_class
real_training_unbalanced,data\raw\covid_clinical.csv,9,134,1,1,1,0.9833257613269014,predict_proba_positive_class
real_training_unbalanced,data\raw\covid_clinical.csv,10,161,1,1,1,0.9966563967021468,predict_proba_positive_class
real_training_unbalanced,data\raw\covid_clinical.csv,11,180,1,1,1,0.6321240326610228,predict_proba_positive_class
real_training_unbalanced,data\raw\covid_clinical.csv,12,106,1,1,1,0.9666584383940916,predict_proba_positive_class
real_training_unbalanced,data\raw\covid_clinical.csv,13,133,1,1,1,0.993028864826771,predict_proba_positive_class
real_training_unbalanced,data\raw\covid_clinical.csv,14,127,1,1,1,0.9094171777571533,predict_proba_positive_class
real_training_unbalanced,data\raw\covid_clinical.csv,15,74,0,0,1,0.05409764887468397,predict_proba_positive_class
real_training_unbalanced,data\raw\covid_clinical.csv,16,92,0,0,1,0.01274659422078068,predict_proba_positive_class
real_training_unbalanced,data\raw\covid_clinical.csv,17,60,0,0,1,0.014995500275215843,predict_proba_positive_class
real_training_unbalanced,data\raw\covid_clinical.csv,18,82,0,0,1,0.022258807298406874,predict_proba_positive_class
real_training_unbalanced,data\raw\covid_clinical.csv,19,2,0,0,1,0.144868765645746,predict_proba_positive_class
real_training_unbalanced,data\raw\covid_clinical.csv,20,63,0,0,1,0.01100838834287267,predict_proba_positive_class
real_training_unbalanced,data\raw\covid_clinical.csv,21,51,0,0,1,0.13767118748222487,predict_proba_positive_class
real_training_unbalanced,data\raw\covid_clinical.csv,22,111,1,1,1,0.9885339464141428,predict_proba_positive_class
real_training_unbalanced,data\raw\covid_clinical.csv,23,29,0,0,1,0.03695964833847986,predict_proba_positive_class
real_training_unbalanced,data\raw\covid_clinical.csv,24,172,1,1,1,0.9831670892590898,predict_proba_positive_class
real_training_unbalanced,data\raw\covid_clinical.csv,25,21,0,0,1,0.010881978022540829,predict_proba_positive_class
real_training_unbalanced,data\raw\covid_clinical.csv,26,190,1,1,1,0.989816810243588,predict_proba_positive_class
real_training_unbalanced,data\raw\covid_clinical.csv,27,86,0,0,1,0.03578290934139739,predict_proba_positive_class
real_training_unbalanced,data\raw\covid_clinical.csv,28,122,1,1,1,0.9629696470435309,predict_proba_positive_class
real_training_unbalanced,data\raw\covid_clinical.csv,29,147,1,1,1,0.975618196824009,predict_proba_positive_class
real_training_unbalanced,data\raw\covid_clinical.csv,30,14,0,0,1,0.02166724551355043,predict_proba_positive_class
real_training_unbalanced,data\raw\covid_clinical.csv,31,37,0,0,1,0.0534992211269924,predict_proba_positive_class
real_training_unbalanced,data\raw\covid_clinical.csv,32,107,1,1,1,0.9727018705320871,predict_proba_positive_class
real_training_unbalanced,data\raw\covid_clinical.csv,33,171,1,1,1,0.9795272516153878,predict_proba_positive_class
real_training_unbalanced,data\raw\covid_clinical.csv,34,23,0,0,1,0.028795958399982283,predict_proba_positive_class
real_training_unbalanced,data\raw\covid_clinical.csv,35,140,1,1,1,0.9460504140432059,predict_proba_positive_class
real_training_unbalanced,data\raw\covid_clinical.csv,36,71,0,0,1,0.01339482682164199,predict_proba_positive_class
real_training_unbalanced,data\raw\covid_clinical.csv,37,188,1,1,1,0.9799657218179286,predict_proba_positive_class
real_training_unbalanced,data\raw\covid_clinical.csv,38,84,0,0,1,0.05864279473386121,predict_proba_positive_class
